Using pre-set license
Built from '6000.1/staging' branch; Version is '6000.1.17f1 (c0b9d3899998) revision 12630483'; Using compiler version '194234433'; Build Type 'Release'
OS: 'Windows 11  (10.0.26200) 64bit Professional' Language: 'en' Physical Memory: 32582 MB
BatchMode: 1, IsHumanControllingUs: 0, StartBugReporterOnCrash: 0, Is64bit: 1, IsPro: 1
Date: 2026-03-09T11:33:53Z

COMMAND LINE ARGUMENTS:
C:\Program Files\Unity\Hub\Editor\6000.1.17f1\Editor\Unity.exe
-adb2
-batchMode
-noUpm
-name
AssetImportWorker0
-projectPath
C:/Users/Redst/Documents/GitHub/Game Proto 1
-logFile
Logs/AssetImportWorker0.log
-srvPort
53259
-job-worker-count
3
-background-job-worker-count
8
-gc-helper-count
1
-name
AssetImport
Successfully changed project path to: C:/Users/Redst/Documents/GitHub/Game Proto 1
C:/Users/Redst/Documents/GitHub/Game Proto 1
[UnityMemory] Configuration Parameters - Can be set up in boot.config
    "memorysetup-allocator-temp-initial-block-size-main=262144"
    "memorysetup-allocator-temp-initial-block-size-worker=262144"
    "memorysetup-bucket-allocator-granularity=16"
    "memorysetup-bucket-allocator-bucket-count=8"
    "memorysetup-bucket-allocator-block-size=33554432"
    "memorysetup-bucket-allocator-block-count=8"
    "memorysetup-main-allocator-block-size=16777216"
    "memorysetup-thread-allocator-block-size=16777216"
    "memorysetup-gfx-main-allocator-block-size=16777216"
    "memorysetup-gfx-thread-allocator-block-size=16777216"
    "memorysetup-cache-allocator-block-size=4194304"
    "memorysetup-typetree-allocator-block-size=2097152"
    "memorysetup-profiler-bucket-allocator-granularity=16"
    "memorysetup-profiler-bucket-allocator-bucket-count=8"
    "memorysetup-profiler-bucket-allocator-block-size=33554432"
    "memorysetup-profiler-bucket-allocator-block-count=8"
    "memorysetup-profiler-allocator-block-size=16777216"
    "memorysetup-profiler-editor-allocator-block-size=1048576"
    "memorysetup-temp-allocator-size-main=16777216"
    "memorysetup-job-temp-allocator-block-size=2097152"
    "memorysetup-job-temp-allocator-block-size-background=1048576"
    "memorysetup-job-temp-allocator-reduction-small-platforms=262144"
    "memorysetup-temp-allocator-size-background-worker=32768"
    "memorysetup-temp-allocator-size-job-worker=262144"
    "memorysetup-temp-allocator-size-preload-manager=33554432"
    "memorysetup-temp-allocator-size-nav-mesh-worker=65536"
    "memorysetup-temp-allocator-size-audio-worker=65536"
    "memorysetup-temp-allocator-size-cloud-worker=32768"
    "memorysetup-temp-allocator-size-gi-baking-worker=262144"
    "memorysetup-temp-allocator-size-gi-baking-worker=262144"
    "memorysetup-temp-allocator-size-gi-baking-worker=262144"
    "memorysetup-temp-allocator-size-gi-baking-worker=262144"
    "memorysetup-temp-allocator-size-gi-baking-worker=262144"
    "memorysetup-temp-allocator-size-gfx=262144"
Player connection [5084]  Target information:

Player connection [5084]  * "[IP] 100.88.56.140 [Port] 0 [Flags] 2 [Guid] 3752894432 [EditorId] 3752894432 [Version] 1048832 [Id] WindowsEditor(7,Fi_Coker) [Debug] 1 [PackageName] WindowsEditor [ProjectName] Editor" 

Player connection [5084]  * "[IP] 10.130.160.5 [Port] 0 [Flags] 2 [Guid] 3752894432 [EditorId] 3752894432 [Version] 1048832 [Id] WindowsEditor(7,Fi_Coker) [Debug] 1 [PackageName] WindowsEditor [ProjectName] Editor" 

Player connection [5084] Host joined multi-casting on [225.0.0.222:54997]...
Player connection [5084] Host joined alternative multi-casting on [225.0.0.222:34997]...
JobSystem: Creating JobQueue using job-worker-count value 3
Input System module state changed to: Initialized.
[Physics::Module] Initialized fallback backend.
[Physics::Module] Id: 0xdecafbad
Library Redirect Path: Library/
[Physics::Module] Selected backend.
[Physics::Module] Name: PhysX
[Physics::Module] Id: 0xf2b8ea05
[Physics::Module] SDK Version: 4.1.2
[Physics::Module] Integration Version: 1.0.0
[Physics::Module] Threading Mode: Multi-Threaded
Refreshing native plugins compatible for Editor in 10.68 ms, found 4 plugins.
Preloading 0 native plugins for Editor in 0.00 ms.
Initialize engine version: 6000.1.17f1 (c0b9d3899998)
[Subsystems] Discovering subsystems at path C:/Program Files/Unity/Hub/Editor/6000.1.17f1/Editor/Data/Resources/UnitySubsystems
[Subsystems] Discovering subsystems at path C:/Users/Redst/Documents/GitHub/Game Proto 1/Assets
GfxDevice: creating device client; kGfxThreadingModeNonThreaded
Direct3D:
    Version:         Direct3D 12 [level 12.1]
    Renderer:        Intel(R) UHD Graphics 620 (ID=0x3ea0)
    Vendor:          Intel
    VRAM:            16291 MB
    App VRAM Budget: 15523 MB
    Driver:          31.0.101.2135
    Unified Memory Architecture
    Cache Coherent UMA
Initialize mono
Mono path[0] = 'C:/Program Files/Unity/Hub/Editor/6000.1.17f1/Editor/Data/Managed'
Mono path[1] = 'C:/Program Files/Unity/Hub/Editor/6000.1.17f1/Editor/Data/MonoBleedingEdge/lib/mono/unityjit-win32'
Mono config path = 'C:/Program Files/Unity/Hub/Editor/6000.1.17f1/Editor/Data/MonoBleedingEdge/etc'
Using monoOptions --debugger-agent=transport=dt_socket,embedding=1,server=y,suspend=n,address=127.0.0.1:56516
Begin MonoManager ReloadAssembly
Registering precompiled unity dll's ...
Register platform support module: C:/Program Files/Unity/Hub/Editor/6000.1.17f1/Editor/Data/PlaybackEngines/WindowsStandaloneSupport/UnityEditor.WindowsStandalone.Extensions.dll
Registered in 0.006014 seconds.
- Loaded All Assemblies, in  0.853 seconds
Native extension for WindowsStandalone target not found
Mono: successfully reloaded assembly
- Finished resetting the current domain, in  0.824 seconds
Domain Reload Profiling: 1667ms
	BeginReloadAssembly (275ms)
		ExecutionOrderSort (0ms)
		DisableScriptedObjects (0ms)
		BackupInstance (0ms)
		ReleaseScriptingObjects (0ms)
		CreateAndSetChildDomain (1ms)
	RebuildCommonClasses (77ms)
	RebuildNativeTypeToScriptingClass (27ms)
	initialDomainReloadingComplete (110ms)
	LoadAllAssembliesAndSetupDomain (354ms)
		LoadAssemblies (267ms)
		RebuildTransferFunctionScriptingTraits (0ms)
		AnalyzeDomain (346ms)
			TypeCache.Refresh (343ms)
				TypeCache.ScanAssembly (308ms)
			BuildScriptInfoCaches (0ms)
			ResolveRequiredComponents (1ms)
	FinalizeReload (824ms)
		ReleaseScriptCaches (0ms)
		RebuildScriptCaches (0ms)
		SetupLoadedEditorAssemblies (715ms)
			LogAssemblyErrors (0ms)
			InitializePlatformSupportModulesInManaged (114ms)
			SetLoadedEditorAssemblies (9ms)
			BeforeProcessingInitializeOnLoad (156ms)
			ProcessInitializeOnLoadAttributes (301ms)
			ProcessInitializeOnLoadMethodAttributes (135ms)
			AfterProcessingInitializeOnLoad (0ms)
			EditorAssembliesLoaded (0ms)
		ExecutionOrderSort2 (0ms)
		AwakeInstancesAfterBackupRestoration (0ms)
========================================================================
Worker process is ready to serve import requests
Import Worker Mode flag is 0x00
Begin MonoManager ReloadAssembly
- Loaded All Assemblies, in  2.102 seconds
Refreshing native plugins compatible for Editor in 4.01 ms, found 4 plugins.
Native extension for WindowsStandalone target not found
Mono: successfully reloaded assembly
- Finished resetting the current domain, in  1.755 seconds
Domain Reload Profiling: 3834ms
	BeginReloadAssembly (425ms)
		ExecutionOrderSort (0ms)
		DisableScriptedObjects (12ms)
		BackupInstance (0ms)
		ReleaseScriptingObjects (0ms)
		CreateAndSetChildDomain (60ms)
	RebuildCommonClasses (107ms)
	RebuildNativeTypeToScriptingClass (40ms)
	initialDomainReloadingComplete (117ms)
	LoadAllAssembliesAndSetupDomain (1390ms)
		LoadAssemblies (941ms)
		RebuildTransferFunctionScriptingTraits (0ms)
		AnalyzeDomain (705ms)
			TypeCache.Refresh (518ms)
				TypeCache.ScanAssembly (483ms)
			BuildScriptInfoCaches (149ms)
			ResolveRequiredComponents (29ms)
	FinalizeReload (1756ms)
		ReleaseScriptCaches (0ms)
		RebuildScriptCaches (0ms)
		SetupLoadedEditorAssemblies (1443ms)
			LogAssemblyErrors (0ms)
			InitializePlatformSupportModulesInManaged (4ms)
			SetLoadedEditorAssemblies (8ms)
			BeforeProcessingInitializeOnLoad (339ms)
			ProcessInitializeOnLoadAttributes (865ms)
			ProcessInitializeOnLoadMethodAttributes (211ms)
			AfterProcessingInitializeOnLoad (16ms)
			EditorAssembliesLoaded (0ms)
		ExecutionOrderSort2 (0ms)
		AwakeInstancesAfterBackupRestoration (13ms)
Launched and connected shader compiler UnityShaderCompiler.exe after 0.03 seconds
Refreshing native plugins compatible for Editor in 3.68 ms, found 4 plugins.
Preloading 0 native plugins for Editor in 0.00 ms.
Unloading 32 Unused Serialized files (Serialized files now loaded: 0)
Unloading 6617 unused Assets / (5.9 MB). Loaded Objects now: 7293.
Memory consumption went from 137.9 MB to 132.0 MB.
Total: 14.321600 ms (FindLiveObjects: 0.864700 ms CreateObjectMapping: 1.857000 ms MarkObjects: 7.434500 ms  DeleteObjects: 4.163800 ms)

========================================================================
Received Import Request.
  Time since last request: 102146.997144 seconds.
  path: Assets/InputSystem_Actions.inputactions
  artifactKey: Guid(2bcd2660ca9b64942af0de543d8d7100) Importer(815301076,1909f56bfc062723c751e8b465ee728b)
Start importing Assets/InputSystem_Actions.inputactions using Guid(2bcd2660ca9b64942af0de543d8d7100) Importer(815301076,1909f56bfc062723c751e8b465ee728b) (PreviewImporter) -> (artifact id: '4b247e7907b7d4a86176f4ae684b564d') in 0.0473374 seconds
Number of updated asset objects reloaded before import = 0Number of asset objects unloaded after import = 19

========================================================================
Received Import Request.
  Time since last request: 0.000026 seconds.
  path: Assets/DefaultVolumeProfile.asset
  artifactKey: Guid(3f9215ea0144899419cfbc0957140d3f) Importer(815301076,1909f56bfc062723c751e8b465ee728b)
Start importing Assets/DefaultVolumeProfile.asset using Guid(3f9215ea0144899419cfbc0957140d3f) Importer(815301076,1909f56bfc062723c751e8b465ee728b) (PreviewImporter) -> (artifact id: '1e3ee85287093c2e01e2184a29fd3edf') in 0.0019394 seconds
Number of updated asset objects reloaded before import = 0Number of asset objects unloaded after import = 0

========================================================================
Received Prepare
Assembly with name 'Unity.CollabProxy.Editor' already exists (Packages/com.unity.collab-proxy/Editor/UnityInternals/Unity.CollabProxy.Editor.asmdef)
Assembly with name 'Unity.CollabProxy.Editor' already exists (Packages/com.unity.collab-proxy/Editor/Toolbar/Unity.CollabProxy.Editor.asmdef)
Assembly with name 'Unity.CollabProxy.Editor' already exists (Packages/com.unity.collab-proxy/Editor/UnityInternals/Unity.CollabProxy.Editor.asmdef)
Assembly with name 'Unity.CollabProxy.Editor' already exists (Packages/com.unity.collab-proxy/Editor/Toolbar/Unity.CollabProxy.Editor.asmdef)
Begin MonoManager ReloadAssembly
- Loaded All Assemblies, in  2.009 seconds
Assembly with name 'Unity.CollabProxy.Editor' already exists (Packages/com.unity.collab-proxy/Editor/UnityInternals/Unity.CollabProxy.Editor.asmdef)
Assembly with name 'Unity.CollabProxy.Editor' already exists (Packages/com.unity.collab-proxy/Editor/Toolbar/Unity.CollabProxy.Editor.asmdef)
Refreshing native plugins compatible for Editor in 3.82 ms, found 4 plugins.
Native extension for WindowsStandalone target not found
Assembly with name 'Unity.CollabProxy.Editor' already exists (Packages/com.unity.collab-proxy/Editor/UnityInternals/Unity.CollabProxy.Editor.asmdef)
Assembly with name 'Unity.CollabProxy.Editor' already exists (Packages/com.unity.collab-proxy/Editor/Toolbar/Unity.CollabProxy.Editor.asmdef)
Mono: successfully reloaded assembly
- Finished resetting the current domain, in  3.114 seconds
Domain Reload Profiling: 5109ms
	BeginReloadAssembly (504ms)
		ExecutionOrderSort (0ms)
		DisableScriptedObjects (29ms)
		BackupInstance (0ms)
		ReleaseScriptingObjects (0ms)
		CreateAndSetChildDomain (98ms)
	RebuildCommonClasses (114ms)
	RebuildNativeTypeToScriptingClass (45ms)
	initialDomainReloadingComplete (74ms)
	LoadAllAssembliesAndSetupDomain (1258ms)
		LoadAssemblies (877ms)
		RebuildTransferFunctionScriptingTraits (0ms)
		AnalyzeDomain (633ms)
			TypeCache.Refresh (395ms)
				TypeCache.ScanAssembly (373ms)
			BuildScriptInfoCaches (201ms)
			ResolveRequiredComponents (28ms)
	FinalizeReload (3115ms)
		ReleaseScriptCaches (0ms)
		RebuildScriptCaches (0ms)
		SetupLoadedEditorAssemblies (2564ms)
			LogAssemblyErrors (0ms)
			InitializePlatformSupportModulesInManaged (6ms)
			SetLoadedEditorAssemblies (14ms)
			BeforeProcessingInitializeOnLoad (622ms)
			ProcessInitializeOnLoadAttributes (1629ms)
			ProcessInitializeOnLoadMethodAttributes (268ms)
			AfterProcessingInitializeOnLoad (25ms)
			EditorAssembliesLoaded (1ms)
		ExecutionOrderSort2 (0ms)
		AwakeInstancesAfterBackupRestoration (130ms)
Refreshing native plugins compatible for Editor in 5.99 ms, found 4 plugins.
Preloading 0 native plugins for Editor in 0.00 ms.
Unloading 31 Unused Serialized files (Serialized files now loaded: 0)
Unloading 6761 unused Assets / (6.7 MB). Loaded Objects now: 7446.
Memory consumption went from 141.4 MB to 134.6 MB.
Total: 28.571000 ms (FindLiveObjects: 1.551500 ms CreateObjectMapping: 2.496600 ms MarkObjects: 15.215900 ms  DeleteObjects: 9.305300 ms)

Prepare: number of updated asset objects reloaded= 0
========================================================================
Received Import Request.
  Time since last request: 5362.861872 seconds.
  path: Assets/Scenes
  artifactKey: Guid(109e9bdd0fcc649c5bc59085c35bdc83) Importer(815301076,1909f56bfc062723c751e8b465ee728b)
Start importing Assets/Scenes using Guid(109e9bdd0fcc649c5bc59085c35bdc83) Importer(815301076,1909f56bfc062723c751e8b465ee728b) (PreviewImporter) -> (artifact id: 'afdff4c3a2fdaa6f8b2ca806ac4aa93d') in 0.0574285 seconds
Number of updated asset objects reloaded before import = 5Number of asset objects unloaded after import = 0

========================================================================
Received Import Request.
  Time since last request: 0.616999 seconds.
  path: Assets/Scenes/SampleScene.unity
  artifactKey: Guid(8c9cfa26abfee488c85f1582747f6a02) Importer(815301076,1909f56bfc062723c751e8b465ee728b)
Start importing Assets/Scenes/SampleScene.unity using Guid(8c9cfa26abfee488c85f1582747f6a02) Importer(815301076,1909f56bfc062723c751e8b465ee728b) (PreviewImporter) -> (artifact id: '9f233941c894f8d89ba713602631c4a5') in 0.0027764 seconds
Number of updated asset objects reloaded before import = 0Number of asset objects unloaded after import = 0

========================================================================
Received Prepare
Assembly with name 'Unity.CollabProxy.Editor' already exists (Packages/com.unity.collab-proxy/Editor/UnityInternals/Unity.CollabProxy.Editor.asmdef)
Assembly with name 'Unity.CollabProxy.Editor' already exists (Packages/com.unity.collab-proxy/Editor/Toolbar/Unity.CollabProxy.Editor.asmdef)
Assembly with name 'Unity.CollabProxy.Editor' already exists (Packages/com.unity.collab-proxy/Editor/UnityInternals/Unity.CollabProxy.Editor.asmdef)
Assembly with name 'Unity.CollabProxy.Editor' already exists (Packages/com.unity.collab-proxy/Editor/Toolbar/Unity.CollabProxy.Editor.asmdef)
Begin MonoManager ReloadAssembly
- Loaded All Assemblies, in  1.966 seconds
Assembly with name 'Unity.CollabProxy.Editor' already exists (Packages/com.unity.collab-proxy/Editor/UnityInternals/Unity.CollabProxy.Editor.asmdef)
Assembly with name 'Unity.CollabProxy.Editor' already exists (Packages/com.unity.collab-proxy/Editor/Toolbar/Unity.CollabProxy.Editor.asmdef)
Refreshing native plugins compatible for Editor in 5.42 ms, found 4 plugins.
Native extension for WindowsStandalone target not found
Assembly with name 'Unity.CollabProxy.Editor' already exists (Packages/com.unity.collab-proxy/Editor/UnityInternals/Unity.CollabProxy.Editor.asmdef)
Assembly with name 'Unity.CollabProxy.Editor' already exists (Packages/com.unity.collab-proxy/Editor/Toolbar/Unity.CollabProxy.Editor.asmdef)
Mono: successfully reloaded assembly
- Finished resetting the current domain, in  2.027 seconds
Domain Reload Profiling: 3990ms
	BeginReloadAssembly (658ms)
		ExecutionOrderSort (0ms)
		DisableScriptedObjects (80ms)
		BackupInstance (0ms)
		ReleaseScriptingObjects (1ms)
		CreateAndSetChildDomain (201ms)
	RebuildCommonClasses (90ms)
	RebuildNativeTypeToScriptingClass (24ms)
	initialDomainReloadingComplete (65ms)
	LoadAllAssembliesAndSetupDomain (1126ms)
		LoadAssemblies (917ms)
		RebuildTransferFunctionScriptingTraits (0ms)
		AnalyzeDomain (434ms)
			TypeCache.Refresh (14ms)
				TypeCache.ScanAssembly (0ms)
			BuildScriptInfoCaches (386ms)
			ResolveRequiredComponents (25ms)
	FinalizeReload (2028ms)
		ReleaseScriptCaches (0ms)
		RebuildScriptCaches (0ms)
		SetupLoadedEditorAssemblies (1597ms)
			LogAssemblyErrors (0ms)
			InitializePlatformSupportModulesInManaged (6ms)
			SetLoadedEditorAssemblies (10ms)
			BeforeProcessingInitializeOnLoad (410ms)
			ProcessInitializeOnLoadAttributes (1020ms)
			ProcessInitializeOnLoadMethodAttributes (134ms)
			AfterProcessingInitializeOnLoad (17ms)
			EditorAssembliesLoaded (0ms)
		ExecutionOrderSort2 (0ms)
		AwakeInstancesAfterBackupRestoration (33ms)
Refreshing native plugins compatible for Editor in 3.35 ms, found 4 plugins.
Preloading 0 native plugins for Editor in 0.00 ms.
Unloading 31 Unused Serialized files (Serialized files now loaded: 0)
Unloading 6761 unused Assets / (6.3 MB). Loaded Objects now: 7449.
Memory consumption went from 141.5 MB to 135.1 MB.
Total: 17.406400 ms (FindLiveObjects: 1.059500 ms CreateObjectMapping: 1.729500 ms MarkObjects: 9.564600 ms  DeleteObjects: 5.051500 ms)

Prepare: number of updated asset objects reloaded= 0
========================================================================
Received Prepare
Assembly with name 'Unity.CollabProxy.Editor' already exists (Packages/com.unity.collab-proxy/Editor/UnityInternals/Unity.CollabProxy.Editor.asmdef)
Assembly with name 'Unity.CollabProxy.Editor' already exists (Packages/com.unity.collab-proxy/Editor/Toolbar/Unity.CollabProxy.Editor.asmdef)
Assembly with name 'Unity.CollabProxy.Editor' already exists (Packages/com.unity.collab-proxy/Editor/UnityInternals/Unity.CollabProxy.Editor.asmdef)
Assembly with name 'Unity.CollabProxy.Editor' already exists (Packages/com.unity.collab-proxy/Editor/Toolbar/Unity.CollabProxy.Editor.asmdef)
Begin MonoManager ReloadAssembly
- Loaded All Assemblies, in  1.781 seconds
Assembly with name 'Unity.CollabProxy.Editor' already exists (Packages/com.unity.collab-proxy/Editor/UnityInternals/Unity.CollabProxy.Editor.asmdef)
Assembly with name 'Unity.CollabProxy.Editor' already exists (Packages/com.unity.collab-proxy/Editor/Toolbar/Unity.CollabProxy.Editor.asmdef)
Refreshing native plugins compatible for Editor in 4.71 ms, found 4 plugins.
Native extension for WindowsStandalone target not found
Assembly with name 'Unity.CollabProxy.Editor' already exists (Packages/com.unity.collab-proxy/Editor/UnityInternals/Unity.CollabProxy.Editor.asmdef)
Assembly with name 'Unity.CollabProxy.Editor' already exists (Packages/com.unity.collab-proxy/Editor/Toolbar/Unity.CollabProxy.Editor.asmdef)
Mono: successfully reloaded assembly
- Finished resetting the current domain, in  1.678 seconds
Domain Reload Profiling: 3452ms
	BeginReloadAssembly (485ms)
		ExecutionOrderSort (0ms)
		DisableScriptedObjects (42ms)
		BackupInstance (0ms)
		ReleaseScriptingObjects (0ms)
		CreateAndSetChildDomain (94ms)
	RebuildCommonClasses (90ms)
	RebuildNativeTypeToScriptingClass (30ms)
	initialDomainReloadingComplete (67ms)
	LoadAllAssembliesAndSetupDomain (1102ms)
		LoadAssemblies (788ms)
		RebuildTransferFunctionScriptingTraits (0ms)
		AnalyzeDomain (546ms)
			TypeCache.Refresh (14ms)
				TypeCache.ScanAssembly (0ms)
			BuildScriptInfoCaches (498ms)
			ResolveRequiredComponents (25ms)
	FinalizeReload (1678ms)
		ReleaseScriptCaches (0ms)
		RebuildScriptCaches (0ms)
		SetupLoadedEditorAssemblies (1321ms)
			LogAssemblyErrors (0ms)
			InitializePlatformSupportModulesInManaged (4ms)
			SetLoadedEditorAssemblies (7ms)
			BeforeProcessingInitializeOnLoad (341ms)
			ProcessInitializeOnLoadAttributes (823ms)
			ProcessInitializeOnLoadMethodAttributes (125ms)
			AfterProcessingInitializeOnLoad (22ms)
			EditorAssembliesLoaded (0ms)
		ExecutionOrderSort2 (0ms)
		AwakeInstancesAfterBackupRestoration (29ms)
Refreshing native plugins compatible for Editor in 4.28 ms, found 4 plugins.
Preloading 0 native plugins for Editor in 0.00 ms.
Unloading 31 Unused Serialized files (Serialized files now loaded: 0)
Unloading 6761 unused Assets / (6.6 MB). Loaded Objects now: 7452.
Memory consumption went from 143.1 MB to 136.5 MB.
Total: 18.789200 ms (FindLiveObjects: 1.192900 ms CreateObjectMapping: 1.698800 ms MarkObjects: 10.407600 ms  DeleteObjects: 5.488100 ms)

Prepare: number of updated asset objects reloaded= 0
========================================================================
Received Prepare
Assembly with name 'Unity.CollabProxy.Editor' already exists (Packages/com.unity.collab-proxy/Editor/UnityInternals/Unity.CollabProxy.Editor.asmdef)
Assembly with name 'Unity.CollabProxy.Editor' already exists (Packages/com.unity.collab-proxy/Editor/Toolbar/Unity.CollabProxy.Editor.asmdef)
Assembly with name 'Unity.CollabProxy.Editor' already exists (Packages/com.unity.collab-proxy/Editor/UnityInternals/Unity.CollabProxy.Editor.asmdef)
Assembly with name 'Unity.CollabProxy.Editor' already exists (Packages/com.unity.collab-proxy/Editor/Toolbar/Unity.CollabProxy.Editor.asmdef)
Begin MonoManager ReloadAssembly
- Loaded All Assemblies, in  1.558 seconds
Assembly with name 'Unity.CollabProxy.Editor' already exists (Packages/com.unity.collab-proxy/Editor/UnityInternals/Unity.CollabProxy.Editor.asmdef)
Assembly with name 'Unity.CollabProxy.Editor' already exists (Packages/com.unity.collab-proxy/Editor/Toolbar/Unity.CollabProxy.Editor.asmdef)
Refreshing native plugins compatible for Editor in 4.07 ms, found 4 plugins.
Native extension for WindowsStandalone target not found
Assembly with name 'Unity.CollabProxy.Editor' already exists (Packages/com.unity.collab-proxy/Editor/UnityInternals/Unity.CollabProxy.Editor.asmdef)
Assembly with name 'Unity.CollabProxy.Editor' already exists (Packages/com.unity.collab-proxy/Editor/Toolbar/Unity.CollabProxy.Editor.asmdef)
Mono: successfully reloaded assembly
- Finished resetting the current domain, in  1.819 seconds
Domain Reload Profiling: 3369ms
	BeginReloadAssembly (410ms)
		ExecutionOrderSort (0ms)
		DisableScriptedObjects (36ms)
		BackupInstance (0ms)
		ReleaseScriptingObjects (0ms)
		CreateAndSetChildDomain (90ms)
	RebuildCommonClasses (79ms)
	RebuildNativeTypeToScriptingClass (31ms)
	initialDomainReloadingComplete (65ms)
	LoadAllAssembliesAndSetupDomain (964ms)
		LoadAssemblies (679ms)
		RebuildTransferFunctionScriptingTraits (0ms)
		AnalyzeDomain (468ms)
			TypeCache.Refresh (11ms)
				TypeCache.ScanAssembly (0ms)
			BuildScriptInfoCaches (420ms)
			ResolveRequiredComponents (26ms)
	FinalizeReload (1820ms)
		ReleaseScriptCaches (0ms)
		RebuildScriptCaches (0ms)
		SetupLoadedEditorAssemblies (1485ms)
			LogAssemblyErrors (0ms)
			InitializePlatformSupportModulesInManaged (4ms)
			SetLoadedEditorAssemblies (6ms)
			BeforeProcessingInitializeOnLoad (353ms)
			ProcessInitializeOnLoadAttributes (938ms)
			ProcessInitializeOnLoadMethodAttributes (166ms)
			AfterProcessingInitializeOnLoad (16ms)
			EditorAssembliesLoaded (0ms)
		ExecutionOrderSort2 (0ms)
		AwakeInstancesAfterBackupRestoration (41ms)
Refreshing native plugins compatible for Editor in 4.14 ms, found 4 plugins.
Preloading 0 native plugins for Editor in 0.00 ms.
Unloading 31 Unused Serialized files (Serialized files now loaded: 0)
Unloading 6761 unused Assets / (6.6 MB). Loaded Objects now: 7455.
Memory consumption went from 144.7 MB to 138.1 MB.
Total: 21.225400 ms (FindLiveObjects: 1.338500 ms CreateObjectMapping: 2.099800 ms MarkObjects: 9.719200 ms  DeleteObjects: 8.066000 ms)

Prepare: number of updated asset objects reloaded= 0
========================================================================
Received Prepare
Assembly with name 'Unity.CollabProxy.Editor' already exists (Packages/com.unity.collab-proxy/Editor/UnityInternals/Unity.CollabProxy.Editor.asmdef)
Assembly with name 'Unity.CollabProxy.Editor' already exists (Packages/com.unity.collab-proxy/Editor/Toolbar/Unity.CollabProxy.Editor.asmdef)
Assembly with name 'Unity.CollabProxy.Editor' already exists (Packages/com.unity.collab-proxy/Editor/UnityInternals/Unity.CollabProxy.Editor.asmdef)
Assembly with name 'Unity.CollabProxy.Editor' already exists (Packages/com.unity.collab-proxy/Editor/Toolbar/Unity.CollabProxy.Editor.asmdef)
Begin MonoManager ReloadAssembly
- Loaded All Assemblies, in  1.527 seconds
Assembly with name 'Unity.CollabProxy.Editor' already exists (Packages/com.unity.collab-proxy/Editor/UnityInternals/Unity.CollabProxy.Editor.asmdef)
Assembly with name 'Unity.CollabProxy.Editor' already exists (Packages/com.unity.collab-proxy/Editor/Toolbar/Unity.CollabProxy.Editor.asmdef)
Refreshing native plugins compatible for Editor in 4.17 ms, found 4 plugins.
Native extension for WindowsStandalone target not found
Assembly with name 'Unity.CollabProxy.Editor' already exists (Packages/com.unity.collab-proxy/Editor/UnityInternals/Unity.CollabProxy.Editor.asmdef)
Assembly with name 'Unity.CollabProxy.Editor' already exists (Packages/com.unity.collab-proxy/Editor/Toolbar/Unity.CollabProxy.Editor.asmdef)
Mono: successfully reloaded assembly
- Finished resetting the current domain, in  1.960 seconds
Domain Reload Profiling: 3482ms
	BeginReloadAssembly (424ms)
		ExecutionOrderSort (0ms)
		DisableScriptedObjects (27ms)
		BackupInstance (0ms)
		ReleaseScriptingObjects (0ms)
		CreateAndSetChildDomain (87ms)
	RebuildCommonClasses (81ms)
	RebuildNativeTypeToScriptingClass (33ms)
	initialDomainReloadingComplete (60ms)
	LoadAllAssembliesAndSetupDomain (923ms)
		LoadAssemblies (685ms)
		RebuildTransferFunctionScriptingTraits (0ms)
		AnalyzeDomain (441ms)
			TypeCache.Refresh (12ms)
				TypeCache.ScanAssembly (0ms)
			BuildScriptInfoCaches (398ms)
			ResolveRequiredComponents (22ms)
	FinalizeReload (1961ms)
		ReleaseScriptCaches (0ms)
		RebuildScriptCaches (0ms)
		SetupLoadedEditorAssemblies (1610ms)
			LogAssemblyErrors (0ms)
			InitializePlatformSupportModulesInManaged (4ms)
			SetLoadedEditorAssemblies (9ms)
			BeforeProcessingInitializeOnLoad (362ms)
			ProcessInitializeOnLoadAttributes (1028ms)
			ProcessInitializeOnLoadMethodAttributes (186ms)
			AfterProcessingInitializeOnLoad (21ms)
			EditorAssembliesLoaded (1ms)
		ExecutionOrderSort2 (0ms)
		AwakeInstancesAfterBackupRestoration (39ms)
Refreshing native plugins compatible for Editor in 5.76 ms, found 4 plugins.
Preloading 0 native plugins for Editor in 0.00 ms.
Unloading 31 Unused Serialized files (Serialized files now loaded: 0)
Unloading 6761 unused Assets / (6.9 MB). Loaded Objects now: 7458.
Memory consumption went from 146.2 MB to 139.3 MB.
Total: 23.322600 ms (FindLiveObjects: 1.065700 ms CreateObjectMapping: 2.407500 ms MarkObjects: 12.333300 ms  DeleteObjects: 7.514700 ms)

Prepare: number of updated asset objects reloaded= 0
========================================================================
Received Prepare
Assembly with name 'Unity.CollabProxy.Editor' already exists (Packages/com.unity.collab-proxy/Editor/UnityInternals/Unity.CollabProxy.Editor.asmdef)
Assembly with name 'Unity.CollabProxy.Editor' already exists (Packages/com.unity.collab-proxy/Editor/Toolbar/Unity.CollabProxy.Editor.asmdef)
Assembly with name 'Unity.CollabProxy.Editor' already exists (Packages/com.unity.collab-proxy/Editor/UnityInternals/Unity.CollabProxy.Editor.asmdef)
Assembly with name 'Unity.CollabProxy.Editor' already exists (Packages/com.unity.collab-proxy/Editor/Toolbar/Unity.CollabProxy.Editor.asmdef)
Begin MonoManager ReloadAssembly
- Loaded All Assemblies, in  1.545 seconds
Assembly with name 'Unity.CollabProxy.Editor' already exists (Packages/com.unity.collab-proxy/Editor/UnityInternals/Unity.CollabProxy.Editor.asmdef)
Assembly with name 'Unity.CollabProxy.Editor' already exists (Packages/com.unity.collab-proxy/Editor/Toolbar/Unity.CollabProxy.Editor.asmdef)
Refreshing native plugins compatible for Editor in 3.19 ms, found 4 plugins.
Native extension for WindowsStandalone target not found
Assembly with name 'Unity.CollabProxy.Editor' already exists (Packages/com.unity.collab-proxy/Editor/UnityInternals/Unity.CollabProxy.Editor.asmdef)
Assembly with name 'Unity.CollabProxy.Editor' already exists (Packages/com.unity.collab-proxy/Editor/Toolbar/Unity.CollabProxy.Editor.asmdef)
Mono: successfully reloaded assembly
- Finished resetting the current domain, in  1.793 seconds
Domain Reload Profiling: 3330ms
	BeginReloadAssembly (412ms)
		ExecutionOrderSort (0ms)
		DisableScriptedObjects (29ms)
		BackupInstance (0ms)
		ReleaseScriptingObjects (0ms)
		CreateAndSetChildDomain (83ms)
	RebuildCommonClasses (73ms)
	RebuildNativeTypeToScriptingClass (27ms)
	initialDomainReloadingComplete (62ms)
	LoadAllAssembliesAndSetupDomain (963ms)
		LoadAssemblies (684ms)
		RebuildTransferFunctionScriptingTraits (0ms)
		AnalyzeDomain (466ms)
			TypeCache.Refresh (12ms)
				TypeCache.ScanAssembly (0ms)
			BuildScriptInfoCaches (418ms)
			ResolveRequiredComponents (24ms)
	FinalizeReload (1794ms)
		ReleaseScriptCaches (0ms)
		RebuildScriptCaches (0ms)
		SetupLoadedEditorAssemblies (1468ms)
			LogAssemblyErrors (0ms)
			InitializePlatformSupportModulesInManaged (3ms)
			SetLoadedEditorAssemblies (6ms)
			BeforeProcessingInitializeOnLoad (358ms)
			ProcessInitializeOnLoadAttributes (924ms)
			ProcessInitializeOnLoadMethodAttributes (159ms)
			AfterProcessingInitializeOnLoad (19ms)
			EditorAssembliesLoaded (0ms)
		ExecutionOrderSort2 (0ms)
		AwakeInstancesAfterBackupRestoration (35ms)
Refreshing native plugins compatible for Editor in 5.70 ms, found 4 plugins.
Preloading 0 native plugins for Editor in 0.00 ms.
Unloading 31 Unused Serialized files (Serialized files now loaded: 0)
Unloading 6761 unused Assets / (6.7 MB). Loaded Objects now: 7461.
Memory consumption went from 147.8 MB to 141.1 MB.
Total: 22.843300 ms (FindLiveObjects: 1.241800 ms CreateObjectMapping: 2.020600 ms MarkObjects: 13.386700 ms  DeleteObjects: 6.192300 ms)

Prepare: number of updated asset objects reloaded= 0
========================================================================
Received Prepare
Assembly with name 'Unity.CollabProxy.Editor' already exists (Packages/com.unity.collab-proxy/Editor/UnityInternals/Unity.CollabProxy.Editor.asmdef)
Assembly with name 'Unity.CollabProxy.Editor' already exists (Packages/com.unity.collab-proxy/Editor/Toolbar/Unity.CollabProxy.Editor.asmdef)
Assembly with name 'Unity.CollabProxy.Editor' already exists (Packages/com.unity.collab-proxy/Editor/UnityInternals/Unity.CollabProxy.Editor.asmdef)
Assembly with name 'Unity.CollabProxy.Editor' already exists (Packages/com.unity.collab-proxy/Editor/Toolbar/Unity.CollabProxy.Editor.asmdef)
Begin MonoManager ReloadAssembly
- Loaded All Assemblies, in  1.472 seconds
Assembly with name 'Unity.CollabProxy.Editor' already exists (Packages/com.unity.collab-proxy/Editor/UnityInternals/Unity.CollabProxy.Editor.asmdef)
Assembly with name 'Unity.CollabProxy.Editor' already exists (Packages/com.unity.collab-proxy/Editor/Toolbar/Unity.CollabProxy.Editor.asmdef)
Refreshing native plugins compatible for Editor in 3.10 ms, found 4 plugins.
Native extension for WindowsStandalone target not found
Assembly with name 'Unity.CollabProxy.Editor' already exists (Packages/com.unity.collab-proxy/Editor/UnityInternals/Unity.CollabProxy.Editor.asmdef)
Assembly with name 'Unity.CollabProxy.Editor' already exists (Packages/com.unity.collab-proxy/Editor/Toolbar/Unity.CollabProxy.Editor.asmdef)
Mono: successfully reloaded assembly
- Finished resetting the current domain, in  1.758 seconds
Domain Reload Profiling: 3224ms
	BeginReloadAssembly (386ms)
		ExecutionOrderSort (0ms)
		DisableScriptedObjects (29ms)
		BackupInstance (0ms)
		ReleaseScriptingObjects (0ms)
		CreateAndSetChildDomain (85ms)
	RebuildCommonClasses (79ms)
	RebuildNativeTypeToScriptingClass (26ms)
	initialDomainReloadingComplete (53ms)
	LoadAllAssembliesAndSetupDomain (920ms)
		LoadAssemblies (662ms)
		RebuildTransferFunctionScriptingTraits (0ms)
		AnalyzeDomain (430ms)
			TypeCache.Refresh (13ms)
				TypeCache.ScanAssembly (0ms)
			BuildScriptInfoCaches (391ms)
			ResolveRequiredComponents (20ms)
	FinalizeReload (1760ms)
		ReleaseScriptCaches (0ms)
		RebuildScriptCaches (0ms)
		SetupLoadedEditorAssemblies (1414ms)
			LogAssemblyErrors (0ms)
			InitializePlatformSupportModulesInManaged (2ms)
			SetLoadedEditorAssemblies (8ms)
			BeforeProcessingInitializeOnLoad (317ms)
			ProcessInitializeOnLoadAttributes (912ms)
			ProcessInitializeOnLoadMethodAttributes (156ms)
			AfterProcessingInitializeOnLoad (18ms)
			EditorAssembliesLoaded (0ms)
		ExecutionOrderSort2 (0ms)
		AwakeInstancesAfterBackupRestoration (34ms)
Refreshing native plugins compatible for Editor in 5.26 ms, found 4 plugins.
Preloading 0 native plugins for Editor in 0.00 ms.
Unloading 31 Unused Serialized files (Serialized files now loaded: 0)
Unloading 6761 unused Assets / (6.8 MB). Loaded Objects now: 7464.
Memory consumption went from 149.4 MB to 142.7 MB.
Total: 28.425800 ms (FindLiveObjects: 1.258400 ms CreateObjectMapping: 2.314400 ms MarkObjects: 13.962000 ms  DeleteObjects: 10.889200 ms)

Prepare: number of updated asset objects reloaded= 0
========================================================================
Received Import Request.
  Time since last request: 237.604515 seconds.
  path: Assets
  artifactKey: Guid(00000000000000001000000000000000) Importer(815301076,1909f56bfc062723c751e8b465ee728b)
Start importing Assets using Guid(00000000000000001000000000000000) Importer(815301076,1909f56bfc062723c751e8b465ee728b) (PreviewImporter) -> (artifact id: 'fa1d5d9d7311b80ba4a397b5b86502e5') in 0.0038131 seconds
Number of updated asset objects reloaded before import = 0Number of asset objects unloaded after import = 0

========================================================================
Received Import Request.
  Time since last request: 4.753849 seconds.
  path: Assets/Scripts
  artifactKey: Guid(8c6d7702f924d6842945f1ece7cbe909) Importer(815301076,1909f56bfc062723c751e8b465ee728b)
Start importing Assets/Scripts using Guid(8c6d7702f924d6842945f1ece7cbe909) Importer(815301076,1909f56bfc062723c751e8b465ee728b) (PreviewImporter) -> (artifact id: '74ffa5de2ec8cfe5dc1ce7d5efc48e14') in 0.0008661 seconds
Number of updated asset objects reloaded before import = 0Number of asset objects unloaded after import = 0

========================================================================
Received Prepare
Refreshing native plugins compatible for Editor in 3.78 ms, found 4 plugins.
Preloading 0 native plugins for Editor in 0.00 ms.
Unloading 31 Unused Serialized files (Serialized files now loaded: 0)
Unloading 6751 unused Assets / (6.3 MB). Loaded Objects now: 7465.
Memory consumption went from 141.9 MB to 135.6 MB.
Total: 20.042400 ms (FindLiveObjects: 0.979400 ms CreateObjectMapping: 1.493500 ms MarkObjects: 11.224700 ms  DeleteObjects: 6.343400 ms)

Prepare: number of updated asset objects reloaded= 0
========================================================================
Received Import Request.
  Time since last request: 17.179457 seconds.
  path: Assets/Scripts/Movement.cs
  artifactKey: Guid(ca46af531a4bbe749b678caa52606d11) Importer(815301076,1909f56bfc062723c751e8b465ee728b)
Start importing Assets/Scripts/Movement.cs using Guid(ca46af531a4bbe749b678caa52606d11) Importer(815301076,1909f56bfc062723c751e8b465ee728b) (PreviewImporter) -> (artifact id: 'c95c9c8c17aefe0b202de9d552c4adc1') in 0.0011606 seconds
Number of updated asset objects reloaded before import = 0Number of asset objects unloaded after import = 0

========================================================================
Received Prepare
Assembly with name 'Unity.CollabProxy.Editor' already exists (Packages/com.unity.collab-proxy/Editor/UnityInternals/Unity.CollabProxy.Editor.asmdef)
Assembly with name 'Unity.CollabProxy.Editor' already exists (Packages/com.unity.collab-proxy/Editor/Toolbar/Unity.CollabProxy.Editor.asmdef)
Assembly with name 'Unity.CollabProxy.Editor' already exists (Packages/com.unity.collab-proxy/Editor/UnityInternals/Unity.CollabProxy.Editor.asmdef)
Assembly with name 'Unity.CollabProxy.Editor' already exists (Packages/com.unity.collab-proxy/Editor/Toolbar/Unity.CollabProxy.Editor.asmdef)
Begin MonoManager ReloadAssembly
- Loaded All Assemblies, in  8.570 seconds
Assembly with name 'Unity.CollabProxy.Editor' already exists (Packages/com.unity.collab-proxy/Editor/UnityInternals/Unity.CollabProxy.Editor.asmdef)
Assembly with name 'Unity.CollabProxy.Editor' already exists (Packages/com.unity.collab-proxy/Editor/Toolbar/Unity.CollabProxy.Editor.asmdef)
Refreshing native plugins compatible for Editor in 15.15 ms, found 4 plugins.
Native extension for WindowsStandalone target not found
Assembly with name 'Unity.CollabProxy.Editor' already exists (Packages/com.unity.collab-proxy/Editor/UnityInternals/Unity.CollabProxy.Editor.asmdef)
Assembly with name 'Unity.CollabProxy.Editor' already exists (Packages/com.unity.collab-proxy/Editor/Toolbar/Unity.CollabProxy.Editor.asmdef)
Mono: successfully reloaded assembly
- Finished resetting the current domain, in  8.942 seconds
Domain Reload Profiling: 17478ms
	BeginReloadAssembly (3815ms)
		ExecutionOrderSort (0ms)
		DisableScriptedObjects (291ms)
		BackupInstance (0ms)
		ReleaseScriptingObjects (0ms)
		CreateAndSetChildDomain (467ms)
	RebuildCommonClasses (506ms)
	RebuildNativeTypeToScriptingClass (116ms)
	initialDomainReloadingComplete (461ms)
	LoadAllAssembliesAndSetupDomain (3636ms)
		LoadAssemblies (4834ms)
		RebuildTransferFunctionScriptingTraits (0ms)
		AnalyzeDomain (1200ms)
			TypeCache.Refresh (77ms)
				TypeCache.ScanAssembly (0ms)
			BuildScriptInfoCaches (1070ms)
			ResolveRequiredComponents (42ms)
	FinalizeReload (8944ms)
		ReleaseScriptCaches (0ms)
		RebuildScriptCaches (0ms)
		SetupLoadedEditorAssemblies (7371ms)
			LogAssemblyErrors (0ms)
			InitializePlatformSupportModulesInManaged (7ms)
			SetLoadedEditorAssemblies (21ms)
			BeforeProcessingInitializeOnLoad (2515ms)
			ProcessInitializeOnLoadAttributes (4121ms)
			ProcessInitializeOnLoadMethodAttributes (623ms)
			AfterProcessingInitializeOnLoad (84ms)
			EditorAssembliesLoaded (2ms)
		ExecutionOrderSort2 (0ms)
		AwakeInstancesAfterBackupRestoration (104ms)
Refreshing native plugins compatible for Editor in 8.55 ms, found 4 plugins.
Preloading 0 native plugins for Editor in 0.00 ms.
Unloading 31 Unused Serialized files (Serialized files now loaded: 0)
Unloading 6762 unused Assets / (6.4 MB). Loaded Objects now: 7468.
Memory consumption went from 141.8 MB to 135.4 MB.
Total: 41.977500 ms (FindLiveObjects: 3.305100 ms CreateObjectMapping: 3.992800 ms MarkObjects: 22.369300 ms  DeleteObjects: 12.308300 ms)

Prepare: number of updated asset objects reloaded= 0
========================================================================
Received Prepare
Assembly with name 'Unity.CollabProxy.Editor' already exists (Packages/com.unity.collab-proxy/Editor/UnityInternals/Unity.CollabProxy.Editor.asmdef)
Assembly with name 'Unity.CollabProxy.Editor' already exists (Packages/com.unity.collab-proxy/Editor/Toolbar/Unity.CollabProxy.Editor.asmdef)
Assembly with name 'Unity.CollabProxy.Editor' already exists (Packages/com.unity.collab-proxy/Editor/UnityInternals/Unity.CollabProxy.Editor.asmdef)
Assembly with name 'Unity.CollabProxy.Editor' already exists (Packages/com.unity.collab-proxy/Editor/Toolbar/Unity.CollabProxy.Editor.asmdef)
Begin MonoManager ReloadAssembly
- Loaded All Assemblies, in  2.041 seconds
Assembly with name 'Unity.CollabProxy.Editor' already exists (Packages/com.unity.collab-proxy/Editor/UnityInternals/Unity.CollabProxy.Editor.asmdef)
Assembly with name 'Unity.CollabProxy.Editor' already exists (Packages/com.unity.collab-proxy/Editor/Toolbar/Unity.CollabProxy.Editor.asmdef)
Refreshing native plugins compatible for Editor in 5.31 ms, found 4 plugins.
Native extension for WindowsStandalone target not found
Assembly with name 'Unity.CollabProxy.Editor' already exists (Packages/com.unity.collab-proxy/Editor/UnityInternals/Unity.CollabProxy.Editor.asmdef)
Assembly with name 'Unity.CollabProxy.Editor' already exists (Packages/com.unity.collab-proxy/Editor/Toolbar/Unity.CollabProxy.Editor.asmdef)
Mono: successfully reloaded assembly
- Finished resetting the current domain, in  2.258 seconds
Domain Reload Profiling: 4286ms
	BeginReloadAssembly (518ms)
		ExecutionOrderSort (0ms)
		DisableScriptedObjects (38ms)
		BackupInstance (0ms)
		ReleaseScriptingObjects (0ms)
		CreateAndSetChildDomain (103ms)
	RebuildCommonClasses (115ms)
	RebuildNativeTypeToScriptingClass (37ms)
	initialDomainReloadingComplete (88ms)
	LoadAllAssembliesAndSetupDomain (1268ms)
		LoadAssemblies (925ms)
		RebuildTransferFunctionScriptingTraits (0ms)
		AnalyzeDomain (592ms)
			TypeCache.Refresh (17ms)
				TypeCache.ScanAssembly (0ms)
			BuildScriptInfoCaches (534ms)
			ResolveRequiredComponents (32ms)
	FinalizeReload (2259ms)
		ReleaseScriptCaches (0ms)
		RebuildScriptCaches (0ms)
		SetupLoadedEditorAssemblies (1839ms)
			LogAssemblyErrors (0ms)
			InitializePlatformSupportModulesInManaged (3ms)
			SetLoadedEditorAssemblies (6ms)
			BeforeProcessingInitializeOnLoad (416ms)
			ProcessInitializeOnLoadAttributes (1180ms)
			ProcessInitializeOnLoadMethodAttributes (208ms)
			AfterProcessingInitializeOnLoad (24ms)
			EditorAssembliesLoaded (1ms)
		ExecutionOrderSort2 (0ms)
		AwakeInstancesAfterBackupRestoration (46ms)
Refreshing native plugins compatible for Editor in 5.45 ms, found 4 plugins.
Preloading 0 native plugins for Editor in 0.00 ms.
Unloading 31 Unused Serialized files (Serialized files now loaded: 0)
Unloading 6762 unused Assets / (7.5 MB). Loaded Objects now: 7471.
Memory consumption went from 143.4 MB to 135.9 MB.
Total: 27.310900 ms (FindLiveObjects: 1.423300 ms CreateObjectMapping: 5.661900 ms MarkObjects: 10.368100 ms  DeleteObjects: 9.855600 ms)

Prepare: number of updated asset objects reloaded= 0
========================================================================
Received Prepare
Assembly with name 'Unity.CollabProxy.Editor' already exists (Packages/com.unity.collab-proxy/Editor/UnityInternals/Unity.CollabProxy.Editor.asmdef)
Assembly with name 'Unity.CollabProxy.Editor' already exists (Packages/com.unity.collab-proxy/Editor/Toolbar/Unity.CollabProxy.Editor.asmdef)
Assembly with name 'Unity.CollabProxy.Editor' already exists (Packages/com.unity.collab-proxy/Editor/UnityInternals/Unity.CollabProxy.Editor.asmdef)
Assembly with name 'Unity.CollabProxy.Editor' already exists (Packages/com.unity.collab-proxy/Editor/Toolbar/Unity.CollabProxy.Editor.asmdef)
Begin MonoManager ReloadAssembly
- Loaded All Assemblies, in  1.900 seconds
Assembly with name 'Unity.CollabProxy.Editor' already exists (Packages/com.unity.collab-proxy/Editor/UnityInternals/Unity.CollabProxy.Editor.asmdef)
Assembly with name 'Unity.CollabProxy.Editor' already exists (Packages/com.unity.collab-proxy/Editor/Toolbar/Unity.CollabProxy.Editor.asmdef)
Refreshing native plugins compatible for Editor in 5.97 ms, found 4 plugins.
Native extension for WindowsStandalone target not found
Assembly with name 'Unity.CollabProxy.Editor' already exists (Packages/com.unity.collab-proxy/Editor/UnityInternals/Unity.CollabProxy.Editor.asmdef)
Assembly with name 'Unity.CollabProxy.Editor' already exists (Packages/com.unity.collab-proxy/Editor/Toolbar/Unity.CollabProxy.Editor.asmdef)
Mono: successfully reloaded assembly
- Finished resetting the current domain, in  2.201 seconds
Domain Reload Profiling: 4091ms
	BeginReloadAssembly (517ms)
		ExecutionOrderSort (0ms)
		DisableScriptedObjects (38ms)
		BackupInstance (0ms)
		ReleaseScriptingObjects (0ms)
		CreateAndSetChildDomain (116ms)
	RebuildCommonClasses (108ms)
	RebuildNativeTypeToScriptingClass (41ms)
	initialDomainReloadingComplete (71ms)
	LoadAllAssembliesAndSetupDomain (1153ms)
		LoadAssemblies (833ms)
		RebuildTransferFunctionScriptingTraits (0ms)
		AnalyzeDomain (552ms)
			TypeCache.Refresh (15ms)
				TypeCache.ScanAssembly (0ms)
			BuildScriptInfoCaches (498ms)
			ResolveRequiredComponents (29ms)
	FinalizeReload (2202ms)
		ReleaseScriptCaches (0ms)
		RebuildScriptCaches (0ms)
		SetupLoadedEditorAssemblies (1780ms)
			LogAssemblyErrors (0ms)
			InitializePlatformSupportModulesInManaged (5ms)
			SetLoadedEditorAssemblies (11ms)
			BeforeProcessingInitializeOnLoad (406ms)
			ProcessInitializeOnLoadAttributes (1128ms)
			ProcessInitializeOnLoadMethodAttributes (203ms)
			AfterProcessingInitializeOnLoad (26ms)
			EditorAssembliesLoaded (1ms)
		ExecutionOrderSort2 (0ms)
		AwakeInstancesAfterBackupRestoration (49ms)
Refreshing native plugins compatible for Editor in 4.72 ms, found 4 plugins.
Preloading 0 native plugins for Editor in 0.00 ms.
Unloading 31 Unused Serialized files (Serialized files now loaded: 0)
Unloading 6762 unused Assets / (6.6 MB). Loaded Objects now: 7474.
Memory consumption went from 144.9 MB to 138.3 MB.
Total: 21.950400 ms (FindLiveObjects: 1.435500 ms CreateObjectMapping: 2.015100 ms MarkObjects: 10.744200 ms  DeleteObjects: 7.753500 ms)

Prepare: number of updated asset objects reloaded= 0
========================================================================
Received Prepare
Assembly with name 'Unity.CollabProxy.Editor' already exists (Packages/com.unity.collab-proxy/Editor/UnityInternals/Unity.CollabProxy.Editor.asmdef)
Assembly with name 'Unity.CollabProxy.Editor' already exists (Packages/com.unity.collab-proxy/Editor/Toolbar/Unity.CollabProxy.Editor.asmdef)
Assembly with name 'Unity.CollabProxy.Editor' already exists (Packages/com.unity.collab-proxy/Editor/UnityInternals/Unity.CollabProxy.Editor.asmdef)
Assembly with name 'Unity.CollabProxy.Editor' already exists (Packages/com.unity.collab-proxy/Editor/Toolbar/Unity.CollabProxy.Editor.asmdef)
Begin MonoManager ReloadAssembly
- Loaded All Assemblies, in  3.202 seconds
Assembly with name 'Unity.CollabProxy.Editor' already exists (Packages/com.unity.collab-proxy/Editor/UnityInternals/Unity.CollabProxy.Editor.asmdef)
Assembly with name 'Unity.CollabProxy.Editor' already exists (Packages/com.unity.collab-proxy/Editor/Toolbar/Unity.CollabProxy.Editor.asmdef)
Refreshing native plugins compatible for Editor in 9.54 ms, found 4 plugins.
Native extension for WindowsStandalone target not found
Assembly with name 'Unity.CollabProxy.Editor' already exists (Packages/com.unity.collab-proxy/Editor/UnityInternals/Unity.CollabProxy.Editor.asmdef)
Assembly with name 'Unity.CollabProxy.Editor' already exists (Packages/com.unity.collab-proxy/Editor/Toolbar/Unity.CollabProxy.Editor.asmdef)
Mono: successfully reloaded assembly
- Finished resetting the current domain, in  2.301 seconds
Domain Reload Profiling: 5477ms
	BeginReloadAssembly (695ms)
		ExecutionOrderSort (0ms)
		DisableScriptedObjects (50ms)
		BackupInstance (0ms)
		ReleaseScriptingObjects (0ms)
		CreateAndSetChildDomain (135ms)
	RebuildCommonClasses (158ms)
	RebuildNativeTypeToScriptingClass (67ms)
	initialDomainReloadingComplete (132ms)
	LoadAllAssembliesAndSetupDomain (2122ms)
		LoadAssemblies (1435ms)
		RebuildTransferFunctionScriptingTraits (0ms)
		AnalyzeDomain (1009ms)
			TypeCache.Refresh (26ms)
				TypeCache.ScanAssembly (0ms)
			BuildScriptInfoCaches (760ms)
			ResolveRequiredComponents (131ms)
	FinalizeReload (2304ms)
		ReleaseScriptCaches (0ms)
		RebuildScriptCaches (0ms)
		SetupLoadedEditorAssemblies (1806ms)
			LogAssemblyErrors (0ms)
			InitializePlatformSupportModulesInManaged (4ms)
			SetLoadedEditorAssemblies (10ms)
			BeforeProcessingInitializeOnLoad (487ms)
			ProcessInitializeOnLoadAttributes (1097ms)
			ProcessInitializeOnLoadMethodAttributes (187ms)
			AfterProcessingInitializeOnLoad (21ms)
			EditorAssembliesLoaded (0ms)
		ExecutionOrderSort2 (0ms)
		AwakeInstancesAfterBackupRestoration (40ms)
Refreshing native plugins compatible for Editor in 6.91 ms, found 4 plugins.
Preloading 0 native plugins for Editor in 0.00 ms.
Unloading 31 Unused Serialized files (Serialized files now loaded: 0)
Unloading 6762 unused Assets / (6.6 MB). Loaded Objects now: 7477.
Memory consumption went from 146.6 MB to 140.0 MB.
Total: 26.504600 ms (FindLiveObjects: 1.482700 ms CreateObjectMapping: 2.155700 ms MarkObjects: 14.817300 ms  DeleteObjects: 8.047300 ms)

Prepare: number of updated asset objects reloaded= 0
========================================================================
Received Prepare
Assembly with name 'Unity.CollabProxy.Editor' already exists (Packages/com.unity.collab-proxy/Editor/UnityInternals/Unity.CollabProxy.Editor.asmdef)
Assembly with name 'Unity.CollabProxy.Editor' already exists (Packages/com.unity.collab-proxy/Editor/Toolbar/Unity.CollabProxy.Editor.asmdef)
Assembly with name 'Unity.CollabProxy.Editor' already exists (Packages/com.unity.collab-proxy/Editor/UnityInternals/Unity.CollabProxy.Editor.asmdef)
Assembly with name 'Unity.CollabProxy.Editor' already exists (Packages/com.unity.collab-proxy/Editor/Toolbar/Unity.CollabProxy.Editor.asmdef)
Begin MonoManager ReloadAssembly
- Loaded All Assemblies, in  2.553 seconds
Assembly with name 'Unity.CollabProxy.Editor' already exists (Packages/com.unity.collab-proxy/Editor/UnityInternals/Unity.CollabProxy.Editor.asmdef)
Assembly with name 'Unity.CollabProxy.Editor' already exists (Packages/com.unity.collab-proxy/Editor/Toolbar/Unity.CollabProxy.Editor.asmdef)
Refreshing native plugins compatible for Editor in 4.40 ms, found 4 plugins.
Native extension for WindowsStandalone target not found
Assembly with name 'Unity.CollabProxy.Editor' already exists (Packages/com.unity.collab-proxy/Editor/UnityInternals/Unity.CollabProxy.Editor.asmdef)
Assembly with name 'Unity.CollabProxy.Editor' already exists (Packages/com.unity.collab-proxy/Editor/Toolbar/Unity.CollabProxy.Editor.asmdef)
Mono: successfully reloaded assembly
- Finished resetting the current domain, in  2.418 seconds
Domain Reload Profiling: 4958ms
	BeginReloadAssembly (535ms)
		ExecutionOrderSort (0ms)
		DisableScriptedObjects (38ms)
		BackupInstance (0ms)
		ReleaseScriptingObjects (0ms)
		CreateAndSetChildDomain (100ms)
	RebuildCommonClasses (137ms)
	RebuildNativeTypeToScriptingClass (46ms)
	initialDomainReloadingComplete (103ms)
	LoadAllAssembliesAndSetupDomain (1718ms)
		LoadAssemblies (1181ms)
		RebuildTransferFunctionScriptingTraits (0ms)
		AnalyzeDomain (791ms)
			TypeCache.Refresh (20ms)
				TypeCache.ScanAssembly (0ms)
			BuildScriptInfoCaches (721ms)
			ResolveRequiredComponents (37ms)
	FinalizeReload (2419ms)
		ReleaseScriptCaches (0ms)
		RebuildScriptCaches (0ms)
		SetupLoadedEditorAssemblies (1974ms)
			LogAssemblyErrors (0ms)
			InitializePlatformSupportModulesInManaged (5ms)
			SetLoadedEditorAssemblies (15ms)
			BeforeProcessingInitializeOnLoad (497ms)
			ProcessInitializeOnLoadAttributes (1239ms)
			ProcessInitializeOnLoadMethodAttributes (195ms)
			AfterProcessingInitializeOnLoad (22ms)
			EditorAssembliesLoaded (1ms)
		ExecutionOrderSort2 (0ms)
		AwakeInstancesAfterBackupRestoration (42ms)
Refreshing native plugins compatible for Editor in 4.66 ms, found 4 plugins.
Preloading 0 native plugins for Editor in 0.00 ms.
Unloading 31 Unused Serialized files (Serialized files now loaded: 0)
Unloading 6762 unused Assets / (6.8 MB). Loaded Objects now: 7480.
Memory consumption went from 148.1 MB to 141.4 MB.
Total: 23.228100 ms (FindLiveObjects: 1.498700 ms CreateObjectMapping: 2.005600 ms MarkObjects: 11.389900 ms  DeleteObjects: 8.331500 ms)

Prepare: number of updated asset objects reloaded= 0
========================================================================
Received Prepare
Assembly with name 'Unity.CollabProxy.Editor' already exists (Packages/com.unity.collab-proxy/Editor/UnityInternals/Unity.CollabProxy.Editor.asmdef)
Assembly with name 'Unity.CollabProxy.Editor' already exists (Packages/com.unity.collab-proxy/Editor/Toolbar/Unity.CollabProxy.Editor.asmdef)
Assembly with name 'Unity.CollabProxy.Editor' already exists (Packages/com.unity.collab-proxy/Editor/UnityInternals/Unity.CollabProxy.Editor.asmdef)
Assembly with name 'Unity.CollabProxy.Editor' already exists (Packages/com.unity.collab-proxy/Editor/Toolbar/Unity.CollabProxy.Editor.asmdef)
Begin MonoManager ReloadAssembly
- Loaded All Assemblies, in  2.081 seconds
Assembly with name 'Unity.CollabProxy.Editor' already exists (Packages/com.unity.collab-proxy/Editor/UnityInternals/Unity.CollabProxy.Editor.asmdef)
Assembly with name 'Unity.CollabProxy.Editor' already exists (Packages/com.unity.collab-proxy/Editor/Toolbar/Unity.CollabProxy.Editor.asmdef)
Refreshing native plugins compatible for Editor in 4.31 ms, found 4 plugins.
Native extension for WindowsStandalone target not found
Assembly with name 'Unity.CollabProxy.Editor' already exists (Packages/com.unity.collab-proxy/Editor/UnityInternals/Unity.CollabProxy.Editor.asmdef)
Assembly with name 'Unity.CollabProxy.Editor' already exists (Packages/com.unity.collab-proxy/Editor/Toolbar/Unity.CollabProxy.Editor.asmdef)
Mono: successfully reloaded assembly
- Finished resetting the current domain, in  2.306 seconds
Domain Reload Profiling: 4376ms
	BeginReloadAssembly (556ms)
		ExecutionOrderSort (0ms)
		DisableScriptedObjects (45ms)
		BackupInstance (0ms)
		ReleaseScriptingObjects (0ms)
		CreateAndSetChildDomain (117ms)
	RebuildCommonClasses (127ms)
	RebuildNativeTypeToScriptingClass (37ms)
	initialDomainReloadingComplete (78ms)
	LoadAllAssembliesAndSetupDomain (1271ms)
		LoadAssemblies (932ms)
		RebuildTransferFunctionScriptingTraits (0ms)
		AnalyzeDomain (589ms)
			TypeCache.Refresh (15ms)
				TypeCache.ScanAssembly (0ms)
			BuildScriptInfoCaches (529ms)
			ResolveRequiredComponents (34ms)
	FinalizeReload (2308ms)
		ReleaseScriptCaches (0ms)
		RebuildScriptCaches (0ms)
		SetupLoadedEditorAssemblies (1822ms)
			LogAssemblyErrors (0ms)
			InitializePlatformSupportModulesInManaged (5ms)
			SetLoadedEditorAssemblies (13ms)
			BeforeProcessingInitializeOnLoad (506ms)
			ProcessInitializeOnLoadAttributes (1098ms)
			ProcessInitializeOnLoadMethodAttributes (177ms)
			AfterProcessingInitializeOnLoad (22ms)
			EditorAssembliesLoaded (0ms)
		ExecutionOrderSort2 (0ms)
		AwakeInstancesAfterBackupRestoration (42ms)
Refreshing native plugins compatible for Editor in 4.14 ms, found 4 plugins.
Preloading 0 native plugins for Editor in 0.00 ms.
Unloading 31 Unused Serialized files (Serialized files now loaded: 0)
Unloading 6762 unused Assets / (6.5 MB). Loaded Objects now: 7483.
Memory consumption went from 149.7 MB to 143.3 MB.
Total: 19.114400 ms (FindLiveObjects: 1.160200 ms CreateObjectMapping: 2.364300 ms MarkObjects: 8.632400 ms  DeleteObjects: 6.956000 ms)

Prepare: number of updated asset objects reloaded= 0
========================================================================
Received Prepare
Assembly with name 'Unity.CollabProxy.Editor' already exists (Packages/com.unity.collab-proxy/Editor/UnityInternals/Unity.CollabProxy.Editor.asmdef)
Assembly with name 'Unity.CollabProxy.Editor' already exists (Packages/com.unity.collab-proxy/Editor/Toolbar/Unity.CollabProxy.Editor.asmdef)
Assembly with name 'Unity.CollabProxy.Editor' already exists (Packages/com.unity.collab-proxy/Editor/UnityInternals/Unity.CollabProxy.Editor.asmdef)
Assembly with name 'Unity.CollabProxy.Editor' already exists (Packages/com.unity.collab-proxy/Editor/Toolbar/Unity.CollabProxy.Editor.asmdef)
Begin MonoManager ReloadAssembly
- Loaded All Assemblies, in  2.766 seconds
Assembly with name 'Unity.CollabProxy.Editor' already exists (Packages/com.unity.collab-proxy/Editor/UnityInternals/Unity.CollabProxy.Editor.asmdef)
Assembly with name 'Unity.CollabProxy.Editor' already exists (Packages/com.unity.collab-proxy/Editor/Toolbar/Unity.CollabProxy.Editor.asmdef)
Refreshing native plugins compatible for Editor in 4.15 ms, found 4 plugins.
Native extension for WindowsStandalone target not found
Assembly with name 'Unity.CollabProxy.Editor' already exists (Packages/com.unity.collab-proxy/Editor/UnityInternals/Unity.CollabProxy.Editor.asmdef)
Assembly with name 'Unity.CollabProxy.Editor' already exists (Packages/com.unity.collab-proxy/Editor/Toolbar/Unity.CollabProxy.Editor.asmdef)
Mono: successfully reloaded assembly
- Finished resetting the current domain, in  3.748 seconds
Domain Reload Profiling: 6506ms
	BeginReloadAssembly (795ms)
		ExecutionOrderSort (0ms)
		DisableScriptedObjects (51ms)
		BackupInstance (0ms)
		ReleaseScriptingObjects (0ms)
		CreateAndSetChildDomain (200ms)
	RebuildCommonClasses (108ms)
	RebuildNativeTypeToScriptingClass (44ms)
	initialDomainReloadingComplete (83ms)
	LoadAllAssembliesAndSetupDomain (1728ms)
		LoadAssemblies (1188ms)
		RebuildTransferFunctionScriptingTraits (0ms)
		AnalyzeDomain (832ms)
			TypeCache.Refresh (18ms)
				TypeCache.ScanAssembly (0ms)
			BuildScriptInfoCaches (766ms)
			ResolveRequiredComponents (36ms)
	FinalizeReload (3749ms)
		ReleaseScriptCaches (0ms)
		RebuildScriptCaches (0ms)
		SetupLoadedEditorAssemblies (3228ms)
			LogAssemblyErrors (0ms)
			InitializePlatformSupportModulesInManaged (3ms)
			SetLoadedEditorAssemblies (9ms)
			BeforeProcessingInitializeOnLoad (704ms)
			ProcessInitializeOnLoadAttributes (1584ms)
			ProcessInitializeOnLoadMethodAttributes (834ms)
			AfterProcessingInitializeOnLoad (90ms)
			EditorAssembliesLoaded (3ms)
		ExecutionOrderSort2 (0ms)
		AwakeInstancesAfterBackupRestoration (55ms)
Refreshing native plugins compatible for Editor in 5.33 ms, found 4 plugins.
Preloading 0 native plugins for Editor in 0.00 ms.
Unloading 31 Unused Serialized files (Serialized files now loaded: 0)
Unloading 6762 unused Assets / (6.4 MB). Loaded Objects now: 7486.
Memory consumption went from 151.3 MB to 144.9 MB.
Total: 26.705500 ms (FindLiveObjects: 1.496000 ms CreateObjectMapping: 3.119400 ms MarkObjects: 14.374400 ms  DeleteObjects: 7.713400 ms)

Prepare: number of updated asset objects reloaded= 0
========================================================================
Received Prepare
Refreshing native plugins compatible for Editor in 5.38 ms, found 4 plugins.
Preloading 0 native plugins for Editor in 0.00 ms.
Unloading 31 Unused Serialized files (Serialized files now loaded: 0)
Unloading 6751 unused Assets / (6.7 MB). Loaded Objects now: 7486.
Memory consumption went from 153.0 MB to 146.3 MB.
Total: 24.023600 ms (FindLiveObjects: 1.437100 ms CreateObjectMapping: 2.014200 ms MarkObjects: 12.823600 ms  DeleteObjects: 7.747200 ms)

Prepare: number of updated asset objects reloaded= 0
========================================================================
Received Prepare
Assembly with name 'Unity.CollabProxy.Editor' already exists (Packages/com.unity.collab-proxy/Editor/UnityInternals/Unity.CollabProxy.Editor.asmdef)
Assembly with name 'Unity.CollabProxy.Editor' already exists (Packages/com.unity.collab-proxy/Editor/Toolbar/Unity.CollabProxy.Editor.asmdef)
Assembly with name 'Unity.CollabProxy.Editor' already exists (Packages/com.unity.collab-proxy/Editor/UnityInternals/Unity.CollabProxy.Editor.asmdef)
Assembly with name 'Unity.CollabProxy.Editor' already exists (Packages/com.unity.collab-proxy/Editor/Toolbar/Unity.CollabProxy.Editor.asmdef)
Begin MonoManager ReloadAssembly
- Loaded All Assemblies, in  1.876 seconds
Assembly with name 'Unity.CollabProxy.Editor' already exists (Packages/com.unity.collab-proxy/Editor/UnityInternals/Unity.CollabProxy.Editor.asmdef)
Assembly with name 'Unity.CollabProxy.Editor' already exists (Packages/com.unity.collab-proxy/Editor/Toolbar/Unity.CollabProxy.Editor.asmdef)
Refreshing native plugins compatible for Editor in 5.49 ms, found 4 plugins.
Native extension for WindowsStandalone target not found
Assembly with name 'Unity.CollabProxy.Editor' already exists (Packages/com.unity.collab-proxy/Editor/UnityInternals/Unity.CollabProxy.Editor.asmdef)
Assembly with name 'Unity.CollabProxy.Editor' already exists (Packages/com.unity.collab-proxy/Editor/Toolbar/Unity.CollabProxy.Editor.asmdef)
Mono: successfully reloaded assembly
- Finished resetting the current domain, in  2.030 seconds
Domain Reload Profiling: 3896ms
	BeginReloadAssembly (497ms)
		ExecutionOrderSort (0ms)
		DisableScriptedObjects (42ms)
		BackupInstance (0ms)
		ReleaseScriptingObjects (0ms)
		CreateAndSetChildDomain (93ms)
	RebuildCommonClasses (117ms)
	RebuildNativeTypeToScriptingClass (36ms)
	initialDomainReloadingComplete (76ms)
	LoadAllAssembliesAndSetupDomain (1137ms)
		LoadAssemblies (850ms)
		RebuildTransferFunctionScriptingTraits (0ms)
		AnalyzeDomain (522ms)
			TypeCache.Refresh (18ms)
				TypeCache.ScanAssembly (0ms)
			BuildScriptInfoCaches (463ms)
			ResolveRequiredComponents (31ms)
	FinalizeReload (2031ms)
		ReleaseScriptCaches (0ms)
		RebuildScriptCaches (0ms)
		SetupLoadedEditorAssemblies (1629ms)
			LogAssemblyErrors (0ms)
			InitializePlatformSupportModulesInManaged (5ms)
			SetLoadedEditorAssemblies (9ms)
			BeforeProcessingInitializeOnLoad (440ms)
			ProcessInitializeOnLoadAttributes (987ms)
			ProcessInitializeOnLoadMethodAttributes (166ms)
			AfterProcessingInitializeOnLoad (21ms)
			EditorAssembliesLoaded (0ms)
		ExecutionOrderSort2 (0ms)
		AwakeInstancesAfterBackupRestoration (41ms)
Refreshing native plugins compatible for Editor in 4.87 ms, found 4 plugins.
Preloading 0 native plugins for Editor in 0.00 ms.
Unloading 31 Unused Serialized files (Serialized files now loaded: 0)
Unloading 6762 unused Assets / (6.7 MB). Loaded Objects now: 7489.
Memory consumption went from 154.4 MB to 147.7 MB.
Total: 18.880000 ms (FindLiveObjects: 1.156100 ms CreateObjectMapping: 2.021600 ms MarkObjects: 8.869900 ms  DeleteObjects: 6.830300 ms)

Prepare: number of updated asset objects reloaded= 0
========================================================================
Received Prepare
Assembly with name 'Unity.CollabProxy.Editor' already exists (Packages/com.unity.collab-proxy/Editor/UnityInternals/Unity.CollabProxy.Editor.asmdef)
Assembly with name 'Unity.CollabProxy.Editor' already exists (Packages/com.unity.collab-proxy/Editor/Toolbar/Unity.CollabProxy.Editor.asmdef)
Assembly with name 'Unity.CollabProxy.Editor' already exists (Packages/com.unity.collab-proxy/Editor/UnityInternals/Unity.CollabProxy.Editor.asmdef)
Assembly with name 'Unity.CollabProxy.Editor' already exists (Packages/com.unity.collab-proxy/Editor/Toolbar/Unity.CollabProxy.Editor.asmdef)
Begin MonoManager ReloadAssembly
- Loaded All Assemblies, in  2.034 seconds
Assembly with name 'Unity.CollabProxy.Editor' already exists (Packages/com.unity.collab-proxy/Editor/UnityInternals/Unity.CollabProxy.Editor.asmdef)
Assembly with name 'Unity.CollabProxy.Editor' already exists (Packages/com.unity.collab-proxy/Editor/Toolbar/Unity.CollabProxy.Editor.asmdef)
Refreshing native plugins compatible for Editor in 4.74 ms, found 4 plugins.
Native extension for WindowsStandalone target not found
Assembly with name 'Unity.CollabProxy.Editor' already exists (Packages/com.unity.collab-proxy/Editor/UnityInternals/Unity.CollabProxy.Editor.asmdef)
Assembly with name 'Unity.CollabProxy.Editor' already exists (Packages/com.unity.collab-proxy/Editor/Toolbar/Unity.CollabProxy.Editor.asmdef)
Mono: successfully reloaded assembly
- Finished resetting the current domain, in  2.041 seconds
Domain Reload Profiling: 4060ms
	BeginReloadAssembly (561ms)
		ExecutionOrderSort (0ms)
		DisableScriptedObjects (42ms)
		BackupInstance (0ms)
		ReleaseScriptingObjects (0ms)
		CreateAndSetChildDomain (110ms)
	RebuildCommonClasses (106ms)
	RebuildNativeTypeToScriptingClass (38ms)
	initialDomainReloadingComplete (90ms)
	LoadAllAssembliesAndSetupDomain (1223ms)
		LoadAssemblies (933ms)
		RebuildTransferFunctionScriptingTraits (0ms)
		AnalyzeDomain (544ms)
			TypeCache.Refresh (14ms)
				TypeCache.ScanAssembly (0ms)
			BuildScriptInfoCaches (494ms)
			ResolveRequiredComponents (26ms)
	FinalizeReload (2042ms)
		ReleaseScriptCaches (0ms)
		RebuildScriptCaches (0ms)
		SetupLoadedEditorAssemblies (1642ms)
			LogAssemblyErrors (0ms)
			InitializePlatformSupportModulesInManaged (5ms)
			SetLoadedEditorAssemblies (7ms)
			BeforeProcessingInitializeOnLoad (417ms)
			ProcessInitializeOnLoadAttributes (1020ms)
			ProcessInitializeOnLoadMethodAttributes (173ms)
			AfterProcessingInitializeOnLoad (19ms)
			EditorAssembliesLoaded (0ms)
		ExecutionOrderSort2 (0ms)
		AwakeInstancesAfterBackupRestoration (37ms)
Refreshing native plugins compatible for Editor in 4.85 ms, found 4 plugins.
Preloading 0 native plugins for Editor in 0.00 ms.
Unloading 31 Unused Serialized files (Serialized files now loaded: 0)
Unloading 6762 unused Assets / (7.4 MB). Loaded Objects now: 7492.
Memory consumption went from 156.0 MB to 148.6 MB.
Total: 27.814800 ms (FindLiveObjects: 1.174100 ms CreateObjectMapping: 1.856200 ms MarkObjects: 14.792000 ms  DeleteObjects: 9.990900 ms)

Prepare: number of updated asset objects reloaded= 0
========================================================================
Received Import Request.
  Time since last request: 494.060642 seconds.
  path: Assets/Settings
  artifactKey: Guid(0220aab0833d04faeb927d84ca6cc40c) Importer(815301076,1909f56bfc062723c751e8b465ee728b)
Start importing Assets/Settings using Guid(0220aab0833d04faeb927d84ca6cc40c) Importer(815301076,1909f56bfc062723c751e8b465ee728b) (PreviewImporter) -> (artifact id: '6dfca58984950bca986d5071c307aca7') in 0.0038641 seconds
Number of updated asset objects reloaded before import = 0Number of asset objects unloaded after import = 0

========================================================================
Received Import Request.
  Time since last request: 0.000029 seconds.
  path: Assets/Settings/Lit2DSceneTemplate.scenetemplate
  artifactKey: Guid(d03ed43fc9d8a4f2e9fa70c1c7916eb9) Importer(815301076,1909f56bfc062723c751e8b465ee728b)
Start importing Assets/Settings/Lit2DSceneTemplate.scenetemplate using Guid(d03ed43fc9d8a4f2e9fa70c1c7916eb9) Importer(815301076,1909f56bfc062723c751e8b465ee728b) (PreviewImporter) -> (artifact id: '5ae60c6cd08031e7c04c3ae15a89ea31') in 0.2417804 seconds
Number of updated asset objects reloaded before import = 0Number of asset objects unloaded after import = 5

========================================================================
Received Prepare
Assembly with name 'Unity.CollabProxy.Editor' already exists (Packages/com.unity.collab-proxy/Editor/UnityInternals/Unity.CollabProxy.Editor.asmdef)
Assembly with name 'Unity.CollabProxy.Editor' already exists (Packages/com.unity.collab-proxy/Editor/Toolbar/Unity.CollabProxy.Editor.asmdef)
Assembly with name 'Unity.CollabProxy.Editor' already exists (Packages/com.unity.collab-proxy/Editor/UnityInternals/Unity.CollabProxy.Editor.asmdef)
Assembly with name 'Unity.CollabProxy.Editor' already exists (Packages/com.unity.collab-proxy/Editor/Toolbar/Unity.CollabProxy.Editor.asmdef)
Begin MonoManager ReloadAssembly
- Loaded All Assemblies, in  1.968 seconds
Assembly with name 'Unity.CollabProxy.Editor' already exists (Packages/com.unity.collab-proxy/Editor/UnityInternals/Unity.CollabProxy.Editor.asmdef)
Assembly with name 'Unity.CollabProxy.Editor' already exists (Packages/com.unity.collab-proxy/Editor/Toolbar/Unity.CollabProxy.Editor.asmdef)
Refreshing native plugins compatible for Editor in 4.76 ms, found 4 plugins.
Native extension for WindowsStandalone target not found
Assembly with name 'Unity.CollabProxy.Editor' already exists (Packages/com.unity.collab-proxy/Editor/UnityInternals/Unity.CollabProxy.Editor.asmdef)
Assembly with name 'Unity.CollabProxy.Editor' already exists (Packages/com.unity.collab-proxy/Editor/Toolbar/Unity.CollabProxy.Editor.asmdef)
Mono: successfully reloaded assembly
- Finished resetting the current domain, in  2.160 seconds
Domain Reload Profiling: 4115ms
	BeginReloadAssembly (572ms)
		ExecutionOrderSort (0ms)
		DisableScriptedObjects (46ms)
		BackupInstance (0ms)
		ReleaseScriptingObjects (0ms)
		CreateAndSetChildDomain (118ms)
	RebuildCommonClasses (97ms)
	RebuildNativeTypeToScriptingClass (40ms)
	initialDomainReloadingComplete (91ms)
	LoadAllAssembliesAndSetupDomain (1154ms)
		LoadAssemblies (876ms)
		RebuildTransferFunctionScriptingTraits (0ms)
		AnalyzeDomain (527ms)
			TypeCache.Refresh (14ms)
				TypeCache.ScanAssembly (0ms)
			BuildScriptInfoCaches (472ms)
			ResolveRequiredComponents (29ms)
	FinalizeReload (2161ms)
		ReleaseScriptCaches (0ms)
		RebuildScriptCaches (0ms)
		SetupLoadedEditorAssemblies (1749ms)
			LogAssemblyErrors (0ms)
			InitializePlatformSupportModulesInManaged (4ms)
			SetLoadedEditorAssemblies (9ms)
			BeforeProcessingInitializeOnLoad (414ms)
			ProcessInitializeOnLoadAttributes (1139ms)
			ProcessInitializeOnLoadMethodAttributes (166ms)
			AfterProcessingInitializeOnLoad (17ms)
			EditorAssembliesLoaded (0ms)
		ExecutionOrderSort2 (0ms)
		AwakeInstancesAfterBackupRestoration (38ms)
Refreshing native plugins compatible for Editor in 4.41 ms, found 4 plugins.
Preloading 0 native plugins for Editor in 0.00 ms.
Unloading 31 Unused Serialized files (Serialized files now loaded: 0)
Unloading 6762 unused Assets / (6.3 MB). Loaded Objects now: 7497.
Memory consumption went from 142.3 MB to 136.0 MB.
Total: 18.591000 ms (FindLiveObjects: 1.119200 ms CreateObjectMapping: 1.787100 ms MarkObjects: 9.946300 ms  DeleteObjects: 5.737000 ms)

Prepare: number of updated asset objects reloaded= 0
========================================================================
Received Prepare
Assembly with name 'Unity.CollabProxy.Editor' already exists (Packages/com.unity.collab-proxy/Editor/UnityInternals/Unity.CollabProxy.Editor.asmdef)
Assembly with name 'Unity.CollabProxy.Editor' already exists (Packages/com.unity.collab-proxy/Editor/Toolbar/Unity.CollabProxy.Editor.asmdef)
Assembly with name 'Unity.CollabProxy.Editor' already exists (Packages/com.unity.collab-proxy/Editor/UnityInternals/Unity.CollabProxy.Editor.asmdef)
Assembly with name 'Unity.CollabProxy.Editor' already exists (Packages/com.unity.collab-proxy/Editor/Toolbar/Unity.CollabProxy.Editor.asmdef)
Begin MonoManager ReloadAssembly
- Loaded All Assemblies, in  1.854 seconds
Assembly with name 'Unity.CollabProxy.Editor' already exists (Packages/com.unity.collab-proxy/Editor/UnityInternals/Unity.CollabProxy.Editor.asmdef)
Assembly with name 'Unity.CollabProxy.Editor' already exists (Packages/com.unity.collab-proxy/Editor/Toolbar/Unity.CollabProxy.Editor.asmdef)
Refreshing native plugins compatible for Editor in 6.24 ms, found 4 plugins.
Native extension for WindowsStandalone target not found
Assembly with name 'Unity.CollabProxy.Editor' already exists (Packages/com.unity.collab-proxy/Editor/UnityInternals/Unity.CollabProxy.Editor.asmdef)
Assembly with name 'Unity.CollabProxy.Editor' already exists (Packages/com.unity.collab-proxy/Editor/Toolbar/Unity.CollabProxy.Editor.asmdef)
Mono: successfully reloaded assembly
- Finished resetting the current domain, in  2.796 seconds
Domain Reload Profiling: 4640ms
	BeginReloadAssembly (462ms)
		ExecutionOrderSort (0ms)
		DisableScriptedObjects (38ms)
		BackupInstance (0ms)
		ReleaseScriptingObjects (0ms)
		CreateAndSetChildDomain (81ms)
	RebuildCommonClasses (89ms)
	RebuildNativeTypeToScriptingClass (31ms)
	initialDomainReloadingComplete (77ms)
	LoadAllAssembliesAndSetupDomain (1182ms)
		LoadAssemblies (833ms)
		RebuildTransferFunctionScriptingTraits (0ms)
		AnalyzeDomain (569ms)
			TypeCache.Refresh (13ms)
				TypeCache.ScanAssembly (0ms)
			BuildScriptInfoCaches (515ms)
			ResolveRequiredComponents (29ms)
	FinalizeReload (2798ms)
		ReleaseScriptCaches (0ms)
		RebuildScriptCaches (0ms)
		SetupLoadedEditorAssemblies (2316ms)
			LogAssemblyErrors (0ms)
			InitializePlatformSupportModulesInManaged (3ms)
			SetLoadedEditorAssemblies (7ms)
			BeforeProcessingInitializeOnLoad (496ms)
			ProcessInitializeOnLoadAttributes (1513ms)
			ProcessInitializeOnLoadMethodAttributes (268ms)
			AfterProcessingInitializeOnLoad (28ms)
			EditorAssembliesLoaded (1ms)
		ExecutionOrderSort2 (0ms)
		AwakeInstancesAfterBackupRestoration (54ms)
Refreshing native plugins compatible for Editor in 7.11 ms, found 4 plugins.
Preloading 0 native plugins for Editor in 0.00 ms.
Unloading 31 Unused Serialized files (Serialized files now loaded: 0)
Unloading 6762 unused Assets / (6.5 MB). Loaded Objects now: 7500.
Memory consumption went from 143.9 MB to 137.4 MB.
Total: 32.547200 ms (FindLiveObjects: 2.143600 ms CreateObjectMapping: 2.672200 ms MarkObjects: 17.755700 ms  DeleteObjects: 9.973700 ms)

Prepare: number of updated asset objects reloaded= 0
========================================================================
Received Prepare
Assembly with name 'Unity.CollabProxy.Editor' already exists (Packages/com.unity.collab-proxy/Editor/UnityInternals/Unity.CollabProxy.Editor.asmdef)
Assembly with name 'Unity.CollabProxy.Editor' already exists (Packages/com.unity.collab-proxy/Editor/Toolbar/Unity.CollabProxy.Editor.asmdef)
Assembly with name 'Unity.CollabProxy.Editor' already exists (Packages/com.unity.collab-proxy/Editor/UnityInternals/Unity.CollabProxy.Editor.asmdef)
Assembly with name 'Unity.CollabProxy.Editor' already exists (Packages/com.unity.collab-proxy/Editor/Toolbar/Unity.CollabProxy.Editor.asmdef)
Begin MonoManager ReloadAssembly
- Loaded All Assemblies, in  1.795 seconds
Assembly with name 'Unity.CollabProxy.Editor' already exists (Packages/com.unity.collab-proxy/Editor/UnityInternals/Unity.CollabProxy.Editor.asmdef)
Assembly with name 'Unity.CollabProxy.Editor' already exists (Packages/com.unity.collab-proxy/Editor/Toolbar/Unity.CollabProxy.Editor.asmdef)
Refreshing native plugins compatible for Editor in 4.88 ms, found 4 plugins.
Native extension for WindowsStandalone target not found
Assembly with name 'Unity.CollabProxy.Editor' already exists (Packages/com.unity.collab-proxy/Editor/UnityInternals/Unity.CollabProxy.Editor.asmdef)
Assembly with name 'Unity.CollabProxy.Editor' already exists (Packages/com.unity.collab-proxy/Editor/Toolbar/Unity.CollabProxy.Editor.asmdef)
Mono: successfully reloaded assembly
- Finished resetting the current domain, in  2.065 seconds
Domain Reload Profiling: 3848ms
	BeginReloadAssembly (477ms)
		ExecutionOrderSort (0ms)
		DisableScriptedObjects (33ms)
		BackupInstance (0ms)
		ReleaseScriptingObjects (0ms)
		CreateAndSetChildDomain (86ms)
	RebuildCommonClasses (89ms)
	RebuildNativeTypeToScriptingClass (38ms)
	initialDomainReloadingComplete (73ms)
	LoadAllAssembliesAndSetupDomain (1105ms)
		LoadAssemblies (830ms)
		RebuildTransferFunctionScriptingTraits (0ms)
		AnalyzeDomain (503ms)
			TypeCache.Refresh (15ms)
				TypeCache.ScanAssembly (0ms)
			BuildScriptInfoCaches (449ms)
			ResolveRequiredComponents (28ms)
	FinalizeReload (2066ms)
		ReleaseScriptCaches (0ms)
		RebuildScriptCaches (0ms)
		SetupLoadedEditorAssemblies (1672ms)
			LogAssemblyErrors (0ms)
			InitializePlatformSupportModulesInManaged (4ms)
			SetLoadedEditorAssemblies (10ms)
			BeforeProcessingInitializeOnLoad (401ms)
			ProcessInitializeOnLoadAttributes (1050ms)
			ProcessInitializeOnLoadMethodAttributes (186ms)
			AfterProcessingInitializeOnLoad (21ms)
			EditorAssembliesLoaded (1ms)
		ExecutionOrderSort2 (0ms)
		AwakeInstancesAfterBackupRestoration (43ms)
Refreshing native plugins compatible for Editor in 7.53 ms, found 4 plugins.
Preloading 0 native plugins for Editor in 0.00 ms.
Unloading 31 Unused Serialized files (Serialized files now loaded: 0)
Unloading 6762 unused Assets / (7.1 MB). Loaded Objects now: 7503.
Memory consumption went from 145.5 MB to 138.4 MB.
Total: 24.925200 ms (FindLiveObjects: 1.754500 ms CreateObjectMapping: 2.396700 ms MarkObjects: 13.155900 ms  DeleteObjects: 7.616000 ms)

Prepare: number of updated asset objects reloaded= 0
========================================================================
Received Prepare
Assembly with name 'Unity.CollabProxy.Editor' already exists (Packages/com.unity.collab-proxy/Editor/UnityInternals/Unity.CollabProxy.Editor.asmdef)
Assembly with name 'Unity.CollabProxy.Editor' already exists (Packages/com.unity.collab-proxy/Editor/Toolbar/Unity.CollabProxy.Editor.asmdef)
Assembly with name 'Unity.CollabProxy.Editor' already exists (Packages/com.unity.collab-proxy/Editor/UnityInternals/Unity.CollabProxy.Editor.asmdef)
Assembly with name 'Unity.CollabProxy.Editor' already exists (Packages/com.unity.collab-proxy/Editor/Toolbar/Unity.CollabProxy.Editor.asmdef)
Begin MonoManager ReloadAssembly
- Loaded All Assemblies, in  1.961 seconds
Assembly with name 'Unity.CollabProxy.Editor' already exists (Packages/com.unity.collab-proxy/Editor/UnityInternals/Unity.CollabProxy.Editor.asmdef)
Assembly with name 'Unity.CollabProxy.Editor' already exists (Packages/com.unity.collab-proxy/Editor/Toolbar/Unity.CollabProxy.Editor.asmdef)
Refreshing native plugins compatible for Editor in 4.66 ms, found 4 plugins.
Native extension for WindowsStandalone target not found
Assembly with name 'Unity.CollabProxy.Editor' already exists (Packages/com.unity.collab-proxy/Editor/UnityInternals/Unity.CollabProxy.Editor.asmdef)
Assembly with name 'Unity.CollabProxy.Editor' already exists (Packages/com.unity.collab-proxy/Editor/Toolbar/Unity.CollabProxy.Editor.asmdef)
Mono: successfully reloaded assembly
- Finished resetting the current domain, in  2.286 seconds
Domain Reload Profiling: 4237ms
	BeginReloadAssembly (527ms)
		ExecutionOrderSort (0ms)
		DisableScriptedObjects (39ms)
		BackupInstance (0ms)
		ReleaseScriptingObjects (0ms)
		CreateAndSetChildDomain (98ms)
	RebuildCommonClasses (109ms)
	RebuildNativeTypeToScriptingClass (41ms)
	initialDomainReloadingComplete (71ms)
	LoadAllAssembliesAndSetupDomain (1202ms)
		LoadAssemblies (901ms)
		RebuildTransferFunctionScriptingTraits (0ms)
		AnalyzeDomain (556ms)
			TypeCache.Refresh (20ms)
				TypeCache.ScanAssembly (1ms)
			BuildScriptInfoCaches (491ms)
			ResolveRequiredComponents (31ms)
	FinalizeReload (2287ms)
		ReleaseScriptCaches (0ms)
		RebuildScriptCaches (0ms)
		SetupLoadedEditorAssemblies (1857ms)
			LogAssemblyErrors (0ms)
			InitializePlatformSupportModulesInManaged (6ms)
			SetLoadedEditorAssemblies (13ms)
			BeforeProcessingInitializeOnLoad (459ms)
			ProcessInitializeOnLoadAttributes (1156ms)
			ProcessInitializeOnLoadMethodAttributes (204ms)
			AfterProcessingInitializeOnLoad (19ms)
			EditorAssembliesLoaded (1ms)
		ExecutionOrderSort2 (0ms)
		AwakeInstancesAfterBackupRestoration (49ms)
Refreshing native plugins compatible for Editor in 4.05 ms, found 4 plugins.
Preloading 0 native plugins for Editor in 0.00 ms.
Unloading 31 Unused Serialized files (Serialized files now loaded: 0)
Unloading 6762 unused Assets / (6.2 MB). Loaded Objects now: 7506.
Memory consumption went from 147.0 MB to 140.8 MB.
Total: 21.607700 ms (FindLiveObjects: 1.462000 ms CreateObjectMapping: 2.282100 ms MarkObjects: 10.638000 ms  DeleteObjects: 7.223400 ms)

Prepare: number of updated asset objects reloaded= 0
========================================================================
Received Prepare
Assembly with name 'Unity.CollabProxy.Editor' already exists (Packages/com.unity.collab-proxy/Editor/UnityInternals/Unity.CollabProxy.Editor.asmdef)
Assembly with name 'Unity.CollabProxy.Editor' already exists (Packages/com.unity.collab-proxy/Editor/Toolbar/Unity.CollabProxy.Editor.asmdef)
Assembly with name 'Unity.CollabProxy.Editor' already exists (Packages/com.unity.collab-proxy/Editor/UnityInternals/Unity.CollabProxy.Editor.asmdef)
Assembly with name 'Unity.CollabProxy.Editor' already exists (Packages/com.unity.collab-proxy/Editor/Toolbar/Unity.CollabProxy.Editor.asmdef)
Begin MonoManager ReloadAssembly
- Loaded All Assemblies, in  2.079 seconds
Assembly with name 'Unity.CollabProxy.Editor' already exists (Packages/com.unity.collab-proxy/Editor/UnityInternals/Unity.CollabProxy.Editor.asmdef)
Assembly with name 'Unity.CollabProxy.Editor' already exists (Packages/com.unity.collab-proxy/Editor/Toolbar/Unity.CollabProxy.Editor.asmdef)
Refreshing native plugins compatible for Editor in 4.56 ms, found 4 plugins.
Native extension for WindowsStandalone target not found
Assembly with name 'Unity.CollabProxy.Editor' already exists (Packages/com.unity.collab-proxy/Editor/UnityInternals/Unity.CollabProxy.Editor.asmdef)
Assembly with name 'Unity.CollabProxy.Editor' already exists (Packages/com.unity.collab-proxy/Editor/Toolbar/Unity.CollabProxy.Editor.asmdef)
Mono: successfully reloaded assembly
- Finished resetting the current domain, in  2.170 seconds
Domain Reload Profiling: 4242ms
	BeginReloadAssembly (520ms)
		ExecutionOrderSort (0ms)
		DisableScriptedObjects (31ms)
		BackupInstance (0ms)
		ReleaseScriptingObjects (0ms)
		CreateAndSetChildDomain (91ms)
	RebuildCommonClasses (109ms)
	RebuildNativeTypeToScriptingClass (46ms)
	initialDomainReloadingComplete (81ms)
	LoadAllAssembliesAndSetupDomain (1314ms)
		LoadAssemblies (904ms)
		RebuildTransferFunctionScriptingTraits (0ms)
		AnalyzeDomain (666ms)
			TypeCache.Refresh (18ms)
				TypeCache.ScanAssembly (0ms)
			BuildScriptInfoCaches (597ms)
			ResolveRequiredComponents (40ms)
	FinalizeReload (2171ms)
		ReleaseScriptCaches (0ms)
		RebuildScriptCaches (0ms)
		SetupLoadedEditorAssemblies (1732ms)
			LogAssemblyErrors (0ms)
			InitializePlatformSupportModulesInManaged (4ms)
			SetLoadedEditorAssemblies (13ms)
			BeforeProcessingInitializeOnLoad (449ms)
			ProcessInitializeOnLoadAttributes (1038ms)
			ProcessInitializeOnLoadMethodAttributes (202ms)
			AfterProcessingInitializeOnLoad (25ms)
			EditorAssembliesLoaded (1ms)
		ExecutionOrderSort2 (0ms)
		AwakeInstancesAfterBackupRestoration (43ms)
Refreshing native plugins compatible for Editor in 4.28 ms, found 4 plugins.
Preloading 0 native plugins for Editor in 0.00 ms.
Unloading 31 Unused Serialized files (Serialized files now loaded: 0)
Unloading 6762 unused Assets / (6.3 MB). Loaded Objects now: 7509.
Memory consumption went from 148.6 MB to 142.3 MB.
Total: 21.573800 ms (FindLiveObjects: 1.315400 ms CreateObjectMapping: 2.300100 ms MarkObjects: 11.156100 ms  DeleteObjects: 6.800300 ms)

Prepare: number of updated asset objects reloaded= 0
========================================================================
Received Prepare
Assembly with name 'Unity.CollabProxy.Editor' already exists (Packages/com.unity.collab-proxy/Editor/UnityInternals/Unity.CollabProxy.Editor.asmdef)
Assembly with name 'Unity.CollabProxy.Editor' already exists (Packages/com.unity.collab-proxy/Editor/Toolbar/Unity.CollabProxy.Editor.asmdef)
Assembly with name 'Unity.CollabProxy.Editor' already exists (Packages/com.unity.collab-proxy/Editor/UnityInternals/Unity.CollabProxy.Editor.asmdef)
Assembly with name 'Unity.CollabProxy.Editor' already exists (Packages/com.unity.collab-proxy/Editor/Toolbar/Unity.CollabProxy.Editor.asmdef)
Begin MonoManager ReloadAssembly
- Loaded All Assemblies, in  1.882 seconds
Assembly with name 'Unity.CollabProxy.Editor' already exists (Packages/com.unity.collab-proxy/Editor/UnityInternals/Unity.CollabProxy.Editor.asmdef)
Assembly with name 'Unity.CollabProxy.Editor' already exists (Packages/com.unity.collab-proxy/Editor/Toolbar/Unity.CollabProxy.Editor.asmdef)
Refreshing native plugins compatible for Editor in 5.13 ms, found 4 plugins.
Native extension for WindowsStandalone target not found
Assembly with name 'Unity.CollabProxy.Editor' already exists (Packages/com.unity.collab-proxy/Editor/UnityInternals/Unity.CollabProxy.Editor.asmdef)
Assembly with name 'Unity.CollabProxy.Editor' already exists (Packages/com.unity.collab-proxy/Editor/Toolbar/Unity.CollabProxy.Editor.asmdef)
Mono: successfully reloaded assembly
- Finished resetting the current domain, in  2.229 seconds
Domain Reload Profiling: 4101ms
	BeginReloadAssembly (500ms)
		ExecutionOrderSort (0ms)
		DisableScriptedObjects (40ms)
		BackupInstance (0ms)
		ReleaseScriptingObjects (0ms)
		CreateAndSetChildDomain (101ms)
	RebuildCommonClasses (99ms)
	RebuildNativeTypeToScriptingClass (31ms)
	initialDomainReloadingComplete (76ms)
	LoadAllAssembliesAndSetupDomain (1165ms)
		LoadAssemblies (854ms)
		RebuildTransferFunctionScriptingTraits (0ms)
		AnalyzeDomain (541ms)
			TypeCache.Refresh (23ms)
				TypeCache.ScanAssembly (1ms)
			BuildScriptInfoCaches (479ms)
			ResolveRequiredComponents (28ms)
	FinalizeReload (2230ms)
		ReleaseScriptCaches (0ms)
		RebuildScriptCaches (0ms)
		SetupLoadedEditorAssemblies (1788ms)
			LogAssemblyErrors (0ms)
			InitializePlatformSupportModulesInManaged (6ms)
			SetLoadedEditorAssemblies (11ms)
			BeforeProcessingInitializeOnLoad (400ms)
			ProcessInitializeOnLoadAttributes (1159ms)
			ProcessInitializeOnLoadMethodAttributes (186ms)
			AfterProcessingInitializeOnLoad (25ms)
			EditorAssembliesLoaded (0ms)
		ExecutionOrderSort2 (0ms)
		AwakeInstancesAfterBackupRestoration (46ms)
Refreshing native plugins compatible for Editor in 4.44 ms, found 4 plugins.
Preloading 0 native plugins for Editor in 0.00 ms.
Unloading 31 Unused Serialized files (Serialized files now loaded: 0)
Unloading 6762 unused Assets / (6.1 MB). Loaded Objects now: 7512.
Memory consumption went from 150.2 MB to 144.1 MB.
Total: 25.172300 ms (FindLiveObjects: 1.236300 ms CreateObjectMapping: 1.973100 ms MarkObjects: 14.489900 ms  DeleteObjects: 7.471400 ms)

Prepare: number of updated asset objects reloaded= 0
========================================================================
Received Prepare
Assembly with name 'Unity.CollabProxy.Editor' already exists (Packages/com.unity.collab-proxy/Editor/UnityInternals/Unity.CollabProxy.Editor.asmdef)
Assembly with name 'Unity.CollabProxy.Editor' already exists (Packages/com.unity.collab-proxy/Editor/Toolbar/Unity.CollabProxy.Editor.asmdef)
Assembly with name 'Unity.CollabProxy.Editor' already exists (Packages/com.unity.collab-proxy/Editor/UnityInternals/Unity.CollabProxy.Editor.asmdef)
Assembly with name 'Unity.CollabProxy.Editor' already exists (Packages/com.unity.collab-proxy/Editor/Toolbar/Unity.CollabProxy.Editor.asmdef)
Begin MonoManager ReloadAssembly
- Loaded All Assemblies, in  1.953 seconds
Assembly with name 'Unity.CollabProxy.Editor' already exists (Packages/com.unity.collab-proxy/Editor/UnityInternals/Unity.CollabProxy.Editor.asmdef)
Assembly with name 'Unity.CollabProxy.Editor' already exists (Packages/com.unity.collab-proxy/Editor/Toolbar/Unity.CollabProxy.Editor.asmdef)
Refreshing native plugins compatible for Editor in 4.46 ms, found 4 plugins.
Native extension for WindowsStandalone target not found
Assembly with name 'Unity.CollabProxy.Editor' already exists (Packages/com.unity.collab-proxy/Editor/UnityInternals/Unity.CollabProxy.Editor.asmdef)
Assembly with name 'Unity.CollabProxy.Editor' already exists (Packages/com.unity.collab-proxy/Editor/Toolbar/Unity.CollabProxy.Editor.asmdef)
Mono: successfully reloaded assembly
- Finished resetting the current domain, in  2.177 seconds
Domain Reload Profiling: 4120ms
	BeginReloadAssembly (505ms)
		ExecutionOrderSort (0ms)
		DisableScriptedObjects (44ms)
		BackupInstance (0ms)
		ReleaseScriptingObjects (1ms)
		CreateAndSetChildDomain (97ms)
	RebuildCommonClasses (109ms)
	RebuildNativeTypeToScriptingClass (39ms)
	initialDomainReloadingComplete (85ms)
	LoadAllAssembliesAndSetupDomain (1203ms)
		LoadAssemblies (882ms)
		RebuildTransferFunctionScriptingTraits (0ms)
		AnalyzeDomain (566ms)
			TypeCache.Refresh (17ms)
				TypeCache.ScanAssembly (0ms)
			BuildScriptInfoCaches (502ms)
			ResolveRequiredComponents (36ms)
	FinalizeReload (2179ms)
		ReleaseScriptCaches (0ms)
		RebuildScriptCaches (0ms)
		SetupLoadedEditorAssemblies (1740ms)
			LogAssemblyErrors (0ms)
			InitializePlatformSupportModulesInManaged (3ms)
			SetLoadedEditorAssemblies (7ms)
			BeforeProcessingInitializeOnLoad (433ms)
			ProcessInitializeOnLoadAttributes (1071ms)
			ProcessInitializeOnLoadMethodAttributes (202ms)
			AfterProcessingInitializeOnLoad (22ms)
			EditorAssembliesLoaded (1ms)
		ExecutionOrderSort2 (0ms)
		AwakeInstancesAfterBackupRestoration (50ms)
Refreshing native plugins compatible for Editor in 5.10 ms, found 4 plugins.
Preloading 0 native plugins for Editor in 0.00 ms.
Unloading 31 Unused Serialized files (Serialized files now loaded: 0)
Unloading 6762 unused Assets / (6.7 MB). Loaded Objects now: 7515.
Memory consumption went from 151.8 MB to 145.0 MB.
Total: 24.363900 ms (FindLiveObjects: 1.232700 ms CreateObjectMapping: 2.018700 ms MarkObjects: 13.079100 ms  DeleteObjects: 8.031500 ms)

Prepare: number of updated asset objects reloaded= 0
========================================================================
Received Prepare
Assembly with name 'Unity.CollabProxy.Editor' already exists (Packages/com.unity.collab-proxy/Editor/UnityInternals/Unity.CollabProxy.Editor.asmdef)
Assembly with name 'Unity.CollabProxy.Editor' already exists (Packages/com.unity.collab-proxy/Editor/Toolbar/Unity.CollabProxy.Editor.asmdef)
Assembly with name 'Unity.CollabProxy.Editor' already exists (Packages/com.unity.collab-proxy/Editor/UnityInternals/Unity.CollabProxy.Editor.asmdef)
Assembly with name 'Unity.CollabProxy.Editor' already exists (Packages/com.unity.collab-proxy/Editor/Toolbar/Unity.CollabProxy.Editor.asmdef)
Begin MonoManager ReloadAssembly
- Loaded All Assemblies, in  1.982 seconds
Assembly with name 'Unity.CollabProxy.Editor' already exists (Packages/com.unity.collab-proxy/Editor/UnityInternals/Unity.CollabProxy.Editor.asmdef)
Assembly with name 'Unity.CollabProxy.Editor' already exists (Packages/com.unity.collab-proxy/Editor/Toolbar/Unity.CollabProxy.Editor.asmdef)
Refreshing native plugins compatible for Editor in 4.65 ms, found 4 plugins.
Native extension for WindowsStandalone target not found
Assembly with name 'Unity.CollabProxy.Editor' already exists (Packages/com.unity.collab-proxy/Editor/UnityInternals/Unity.CollabProxy.Editor.asmdef)
Assembly with name 'Unity.CollabProxy.Editor' already exists (Packages/com.unity.collab-proxy/Editor/Toolbar/Unity.CollabProxy.Editor.asmdef)
Mono: successfully reloaded assembly
- Finished resetting the current domain, in  2.237 seconds
Domain Reload Profiling: 4209ms
	BeginReloadAssembly (482ms)
		ExecutionOrderSort (0ms)
		DisableScriptedObjects (31ms)
		BackupInstance (0ms)
		ReleaseScriptingObjects (0ms)
		CreateAndSetChildDomain (92ms)
	RebuildCommonClasses (107ms)
	RebuildNativeTypeToScriptingClass (36ms)
	initialDomainReloadingComplete (81ms)
	LoadAllAssembliesAndSetupDomain (1264ms)
		LoadAssemblies (844ms)
		RebuildTransferFunctionScriptingTraits (0ms)
		AnalyzeDomain (651ms)
			TypeCache.Refresh (22ms)
				TypeCache.ScanAssembly (0ms)
			BuildScriptInfoCaches (585ms)
			ResolveRequiredComponents (33ms)
	FinalizeReload (2238ms)
		ReleaseScriptCaches (0ms)
		RebuildScriptCaches (0ms)
		SetupLoadedEditorAssemblies (1823ms)
			LogAssemblyErrors (0ms)
			InitializePlatformSupportModulesInManaged (4ms)
			SetLoadedEditorAssemblies (10ms)
			BeforeProcessingInitializeOnLoad (465ms)
			ProcessInitializeOnLoadAttributes (1114ms)
			ProcessInitializeOnLoadMethodAttributes (206ms)
			AfterProcessingInitializeOnLoad (24ms)
			EditorAssembliesLoaded (1ms)
		ExecutionOrderSort2 (0ms)
		AwakeInstancesAfterBackupRestoration (45ms)
Refreshing native plugins compatible for Editor in 6.27 ms, found 4 plugins.
Preloading 0 native plugins for Editor in 0.00 ms.
Unloading 31 Unused Serialized files (Serialized files now loaded: 0)
Unloading 6762 unused Assets / (6.2 MB). Loaded Objects now: 7518.
Memory consumption went from 153.4 MB to 147.1 MB.
Total: 22.258300 ms (FindLiveObjects: 1.216300 ms CreateObjectMapping: 1.972500 ms MarkObjects: 12.202100 ms  DeleteObjects: 6.865700 ms)

Prepare: number of updated asset objects reloaded= 0
========================================================================
Received Prepare
Assembly with name 'Unity.CollabProxy.Editor' already exists (Packages/com.unity.collab-proxy/Editor/UnityInternals/Unity.CollabProxy.Editor.asmdef)
Assembly with name 'Unity.CollabProxy.Editor' already exists (Packages/com.unity.collab-proxy/Editor/Toolbar/Unity.CollabProxy.Editor.asmdef)
Assembly with name 'Unity.CollabProxy.Editor' already exists (Packages/com.unity.collab-proxy/Editor/UnityInternals/Unity.CollabProxy.Editor.asmdef)
Assembly with name 'Unity.CollabProxy.Editor' already exists (Packages/com.unity.collab-proxy/Editor/Toolbar/Unity.CollabProxy.Editor.asmdef)
Begin MonoManager ReloadAssembly
- Loaded All Assemblies, in  2.149 seconds
Assembly with name 'Unity.CollabProxy.Editor' already exists (Packages/com.unity.collab-proxy/Editor/UnityInternals/Unity.CollabProxy.Editor.asmdef)
Assembly with name 'Unity.CollabProxy.Editor' already exists (Packages/com.unity.collab-proxy/Editor/Toolbar/Unity.CollabProxy.Editor.asmdef)
Refreshing native plugins compatible for Editor in 7.15 ms, found 4 plugins.
Native extension for WindowsStandalone target not found
Assembly with name 'Unity.CollabProxy.Editor' already exists (Packages/com.unity.collab-proxy/Editor/UnityInternals/Unity.CollabProxy.Editor.asmdef)
Assembly with name 'Unity.CollabProxy.Editor' already exists (Packages/com.unity.collab-proxy/Editor/Toolbar/Unity.CollabProxy.Editor.asmdef)
Mono: successfully reloaded assembly
- Finished resetting the current domain, in  2.518 seconds
Domain Reload Profiling: 4653ms
	BeginReloadAssembly (550ms)
		ExecutionOrderSort (0ms)
		DisableScriptedObjects (44ms)
		BackupInstance (0ms)
		ReleaseScriptingObjects (0ms)
		CreateAndSetChildDomain (105ms)
	RebuildCommonClasses (122ms)
	RebuildNativeTypeToScriptingClass (46ms)
	initialDomainReloadingComplete (89ms)
	LoadAllAssembliesAndSetupDomain (1327ms)
		LoadAssemblies (952ms)
		RebuildTransferFunctionScriptingTraits (0ms)
		AnalyzeDomain (629ms)
			TypeCache.Refresh (20ms)
				TypeCache.ScanAssembly (0ms)
			BuildScriptInfoCaches (560ms)
			ResolveRequiredComponents (37ms)
	FinalizeReload (2519ms)
		ReleaseScriptCaches (0ms)
		RebuildScriptCaches (0ms)
		SetupLoadedEditorAssemblies (1959ms)
			LogAssemblyErrors (0ms)
			InitializePlatformSupportModulesInManaged (5ms)
			SetLoadedEditorAssemblies (12ms)
			BeforeProcessingInitializeOnLoad (542ms)
			ProcessInitializeOnLoadAttributes (1144ms)
			ProcessInitializeOnLoadMethodAttributes (230ms)
			AfterProcessingInitializeOnLoad (25ms)
			EditorAssembliesLoaded (0ms)
		ExecutionOrderSort2 (0ms)
		AwakeInstancesAfterBackupRestoration (48ms)
Refreshing native plugins compatible for Editor in 5.96 ms, found 4 plugins.
Preloading 0 native plugins for Editor in 0.00 ms.
Unloading 31 Unused Serialized files (Serialized files now loaded: 0)
Unloading 6762 unused Assets / (7.3 MB). Loaded Objects now: 7521.
Memory consumption went from 154.9 MB to 147.6 MB.
Total: 26.196300 ms (FindLiveObjects: 1.586900 ms CreateObjectMapping: 2.156800 ms MarkObjects: 14.321900 ms  DeleteObjects: 8.128400 ms)

Prepare: number of updated asset objects reloaded= 0
========================================================================
Received Prepare
Assembly with name 'Unity.CollabProxy.Editor' already exists (Packages/com.unity.collab-proxy/Editor/UnityInternals/Unity.CollabProxy.Editor.asmdef)
Assembly with name 'Unity.CollabProxy.Editor' already exists (Packages/com.unity.collab-proxy/Editor/Toolbar/Unity.CollabProxy.Editor.asmdef)
Assembly with name 'Unity.CollabProxy.Editor' already exists (Packages/com.unity.collab-proxy/Editor/UnityInternals/Unity.CollabProxy.Editor.asmdef)
Assembly with name 'Unity.CollabProxy.Editor' already exists (Packages/com.unity.collab-proxy/Editor/Toolbar/Unity.CollabProxy.Editor.asmdef)
Begin MonoManager ReloadAssembly
- Loaded All Assemblies, in  2.056 seconds
Assembly with name 'Unity.CollabProxy.Editor' already exists (Packages/com.unity.collab-proxy/Editor/UnityInternals/Unity.CollabProxy.Editor.asmdef)
Assembly with name 'Unity.CollabProxy.Editor' already exists (Packages/com.unity.collab-proxy/Editor/Toolbar/Unity.CollabProxy.Editor.asmdef)
Refreshing native plugins compatible for Editor in 4.34 ms, found 4 plugins.
Native extension for WindowsStandalone target not found
Assembly with name 'Unity.CollabProxy.Editor' already exists (Packages/com.unity.collab-proxy/Editor/UnityInternals/Unity.CollabProxy.Editor.asmdef)
Assembly with name 'Unity.CollabProxy.Editor' already exists (Packages/com.unity.collab-proxy/Editor/Toolbar/Unity.CollabProxy.Editor.asmdef)
Mono: successfully reloaded assembly
- Finished resetting the current domain, in  2.803 seconds
Domain Reload Profiling: 4845ms
	BeginReloadAssembly (527ms)
		ExecutionOrderSort (0ms)
		DisableScriptedObjects (44ms)
		BackupInstance (0ms)
		ReleaseScriptingObjects (0ms)
		CreateAndSetChildDomain (94ms)
	RebuildCommonClasses (107ms)
	RebuildNativeTypeToScriptingClass (46ms)
	initialDomainReloadingComplete (90ms)
	LoadAllAssembliesAndSetupDomain (1269ms)
		LoadAssemblies (892ms)
		RebuildTransferFunctionScriptingTraits (0ms)
		AnalyzeDomain (622ms)
			TypeCache.Refresh (16ms)
				TypeCache.ScanAssembly (0ms)
			BuildScriptInfoCaches (561ms)
			ResolveRequiredComponents (33ms)
	FinalizeReload (2805ms)
		ReleaseScriptCaches (0ms)
		RebuildScriptCaches (0ms)
		SetupLoadedEditorAssemblies (2327ms)
			LogAssemblyErrors (0ms)
			InitializePlatformSupportModulesInManaged (5ms)
			SetLoadedEditorAssemblies (9ms)
			BeforeProcessingInitializeOnLoad (489ms)
			ProcessInitializeOnLoadAttributes (1518ms)
			ProcessInitializeOnLoadMethodAttributes (276ms)
			AfterProcessingInitializeOnLoad (30ms)
			EditorAssembliesLoaded (1ms)
		ExecutionOrderSort2 (0ms)
		AwakeInstancesAfterBackupRestoration (61ms)
Refreshing native plugins compatible for Editor in 8.12 ms, found 4 plugins.
Preloading 0 native plugins for Editor in 0.00 ms.
Unloading 31 Unused Serialized files (Serialized files now loaded: 0)
Unloading 6762 unused Assets / (6.4 MB). Loaded Objects now: 7524.
Memory consumption went from 156.5 MB to 150.2 MB.
Total: 33.081900 ms (FindLiveObjects: 1.980300 ms CreateObjectMapping: 3.779700 ms MarkObjects: 18.227200 ms  DeleteObjects: 9.092400 ms)

Prepare: number of updated asset objects reloaded= 0
========================================================================
Received Prepare
Assembly with name 'Unity.CollabProxy.Editor' already exists (Packages/com.unity.collab-proxy/Editor/UnityInternals/Unity.CollabProxy.Editor.asmdef)
Assembly with name 'Unity.CollabProxy.Editor' already exists (Packages/com.unity.collab-proxy/Editor/Toolbar/Unity.CollabProxy.Editor.asmdef)
Assembly with name 'Unity.CollabProxy.Editor' already exists (Packages/com.unity.collab-proxy/Editor/UnityInternals/Unity.CollabProxy.Editor.asmdef)
Assembly with name 'Unity.CollabProxy.Editor' already exists (Packages/com.unity.collab-proxy/Editor/Toolbar/Unity.CollabProxy.Editor.asmdef)
Begin MonoManager ReloadAssembly
- Loaded All Assemblies, in  2.059 seconds
Assembly with name 'Unity.CollabProxy.Editor' already exists (Packages/com.unity.collab-proxy/Editor/UnityInternals/Unity.CollabProxy.Editor.asmdef)
Assembly with name 'Unity.CollabProxy.Editor' already exists (Packages/com.unity.collab-proxy/Editor/Toolbar/Unity.CollabProxy.Editor.asmdef)
Refreshing native plugins compatible for Editor in 4.69 ms, found 4 plugins.
Native extension for WindowsStandalone target not found
Assembly with name 'Unity.CollabProxy.Editor' already exists (Packages/com.unity.collab-proxy/Editor/UnityInternals/Unity.CollabProxy.Editor.asmdef)
Assembly with name 'Unity.CollabProxy.Editor' already exists (Packages/com.unity.collab-proxy/Editor/Toolbar/Unity.CollabProxy.Editor.asmdef)
Mono: successfully reloaded assembly
- Finished resetting the current domain, in  2.944 seconds
Domain Reload Profiling: 4994ms
	BeginReloadAssembly (540ms)
		ExecutionOrderSort (0ms)
		DisableScriptedObjects (40ms)
		BackupInstance (0ms)
		ReleaseScriptingObjects (0ms)
		CreateAndSetChildDomain (98ms)
	RebuildCommonClasses (105ms)
	RebuildNativeTypeToScriptingClass (40ms)
	initialDomainReloadingComplete (86ms)
	LoadAllAssembliesAndSetupDomain (1277ms)
		LoadAssemblies (933ms)
		RebuildTransferFunctionScriptingTraits (0ms)
		AnalyzeDomain (604ms)
			TypeCache.Refresh (19ms)
				TypeCache.ScanAssembly (0ms)
			BuildScriptInfoCaches (536ms)
			ResolveRequiredComponents (35ms)
	FinalizeReload (2945ms)
		ReleaseScriptCaches (0ms)
		RebuildScriptCaches (0ms)
		SetupLoadedEditorAssemblies (2484ms)
			LogAssemblyErrors (0ms)
			InitializePlatformSupportModulesInManaged (4ms)
			SetLoadedEditorAssemblies (8ms)
			BeforeProcessingInitializeOnLoad (626ms)
			ProcessInitializeOnLoadAttributes (1523ms)
			ProcessInitializeOnLoadMethodAttributes (291ms)
			AfterProcessingInitializeOnLoad (29ms)
			EditorAssembliesLoaded (1ms)
		ExecutionOrderSort2 (0ms)
		AwakeInstancesAfterBackupRestoration (57ms)
Refreshing native plugins compatible for Editor in 8.15 ms, found 4 plugins.
Preloading 0 native plugins for Editor in 0.00 ms.
Unloading 31 Unused Serialized files (Serialized files now loaded: 0)
Unloading 6762 unused Assets / (7.5 MB). Loaded Objects now: 7527.
Memory consumption went from 158.1 MB to 150.6 MB.
Total: 34.462500 ms (FindLiveObjects: 1.559700 ms CreateObjectMapping: 2.750500 ms MarkObjects: 16.205300 ms  DeleteObjects: 13.945300 ms)

Prepare: number of updated asset objects reloaded= 0
========================================================================
Received Prepare
Refreshing native plugins compatible for Editor in 6.73 ms, found 4 plugins.
Preloading 0 native plugins for Editor in 0.00 ms.
Unloading 31 Unused Serialized files (Serialized files now loaded: 0)
Unloading 6751 unused Assets / (6.7 MB). Loaded Objects now: 7527.
Memory consumption went from 159.8 MB to 153.1 MB.
Total: 41.466100 ms (FindLiveObjects: 1.884500 ms CreateObjectMapping: 2.246400 ms MarkObjects: 26.811100 ms  DeleteObjects: 10.522000 ms)

Prepare: number of updated asset objects reloaded= 0
========================================================================
Received Prepare
Assembly with name 'Unity.CollabProxy.Editor' already exists (Packages/com.unity.collab-proxy/Editor/UnityInternals/Unity.CollabProxy.Editor.asmdef)
Assembly with name 'Unity.CollabProxy.Editor' already exists (Packages/com.unity.collab-proxy/Editor/Toolbar/Unity.CollabProxy.Editor.asmdef)
Assembly with name 'Unity.CollabProxy.Editor' already exists (Packages/com.unity.collab-proxy/Editor/UnityInternals/Unity.CollabProxy.Editor.asmdef)
Assembly with name 'Unity.CollabProxy.Editor' already exists (Packages/com.unity.collab-proxy/Editor/Toolbar/Unity.CollabProxy.Editor.asmdef)
Begin MonoManager ReloadAssembly
- Loaded All Assemblies, in  2.111 seconds
Assembly with name 'Unity.CollabProxy.Editor' already exists (Packages/com.unity.collab-proxy/Editor/UnityInternals/Unity.CollabProxy.Editor.asmdef)
Assembly with name 'Unity.CollabProxy.Editor' already exists (Packages/com.unity.collab-proxy/Editor/Toolbar/Unity.CollabProxy.Editor.asmdef)
Refreshing native plugins compatible for Editor in 7.89 ms, found 4 plugins.
Native extension for WindowsStandalone target not found
Assembly with name 'Unity.CollabProxy.Editor' already exists (Packages/com.unity.collab-proxy/Editor/UnityInternals/Unity.CollabProxy.Editor.asmdef)
Assembly with name 'Unity.CollabProxy.Editor' already exists (Packages/com.unity.collab-proxy/Editor/Toolbar/Unity.CollabProxy.Editor.asmdef)
Mono: successfully reloaded assembly
- Finished resetting the current domain, in  2.292 seconds
Domain Reload Profiling: 4391ms
	BeginReloadAssembly (578ms)
		ExecutionOrderSort (0ms)
		DisableScriptedObjects (38ms)
		BackupInstance (0ms)
		ReleaseScriptingObjects (0ms)
		CreateAndSetChildDomain (116ms)
	RebuildCommonClasses (109ms)
	RebuildNativeTypeToScriptingClass (38ms)
	initialDomainReloadingComplete (90ms)
	LoadAllAssembliesAndSetupDomain (1284ms)
		LoadAssemblies (967ms)
		RebuildTransferFunctionScriptingTraits (0ms)
		AnalyzeDomain (586ms)
			TypeCache.Refresh (21ms)
				TypeCache.ScanAssembly (0ms)
			BuildScriptInfoCaches (520ms)
			ResolveRequiredComponents (33ms)
	FinalizeReload (2293ms)
		ReleaseScriptCaches (0ms)
		RebuildScriptCaches (0ms)
		SetupLoadedEditorAssemblies (1727ms)
			LogAssemblyErrors (0ms)
			InitializePlatformSupportModulesInManaged (4ms)
			SetLoadedEditorAssemblies (12ms)
			BeforeProcessingInitializeOnLoad (457ms)
			ProcessInitializeOnLoadAttributes (1069ms)
			ProcessInitializeOnLoadMethodAttributes (164ms)
			AfterProcessingInitializeOnLoad (20ms)
			EditorAssembliesLoaded (1ms)
		ExecutionOrderSort2 (0ms)
		AwakeInstancesAfterBackupRestoration (40ms)
Refreshing native plugins compatible for Editor in 6.04 ms, found 4 plugins.
Preloading 0 native plugins for Editor in 0.00 ms.
Unloading 31 Unused Serialized files (Serialized files now loaded: 0)
Unloading 6762 unused Assets / (6.7 MB). Loaded Objects now: 7530.
Memory consumption went from 161.2 MB to 154.5 MB.
Total: 28.236000 ms (FindLiveObjects: 1.439800 ms CreateObjectMapping: 2.346000 ms MarkObjects: 15.232900 ms  DeleteObjects: 9.215100 ms)

Prepare: number of updated asset objects reloaded= 0
========================================================================
Received Prepare
Assembly with name 'Unity.CollabProxy.Editor' already exists (Packages/com.unity.collab-proxy/Editor/UnityInternals/Unity.CollabProxy.Editor.asmdef)
Assembly with name 'Unity.CollabProxy.Editor' already exists (Packages/com.unity.collab-proxy/Editor/Toolbar/Unity.CollabProxy.Editor.asmdef)
Assembly with name 'Unity.CollabProxy.Editor' already exists (Packages/com.unity.collab-proxy/Editor/UnityInternals/Unity.CollabProxy.Editor.asmdef)
Assembly with name 'Unity.CollabProxy.Editor' already exists (Packages/com.unity.collab-proxy/Editor/Toolbar/Unity.CollabProxy.Editor.asmdef)
Begin MonoManager ReloadAssembly
- Loaded All Assemblies, in  2.070 seconds
Assembly with name 'Unity.CollabProxy.Editor' already exists (Packages/com.unity.collab-proxy/Editor/UnityInternals/Unity.CollabProxy.Editor.asmdef)
Assembly with name 'Unity.CollabProxy.Editor' already exists (Packages/com.unity.collab-proxy/Editor/Toolbar/Unity.CollabProxy.Editor.asmdef)
Refreshing native plugins compatible for Editor in 6.91 ms, found 4 plugins.
Native extension for WindowsStandalone target not found
Assembly with name 'Unity.CollabProxy.Editor' already exists (Packages/com.unity.collab-proxy/Editor/UnityInternals/Unity.CollabProxy.Editor.asmdef)
Assembly with name 'Unity.CollabProxy.Editor' already exists (Packages/com.unity.collab-proxy/Editor/Toolbar/Unity.CollabProxy.Editor.asmdef)
Mono: successfully reloaded assembly
- Finished resetting the current domain, in  3.603 seconds
Domain Reload Profiling: 5659ms
	BeginReloadAssembly (542ms)
		ExecutionOrderSort (0ms)
		DisableScriptedObjects (39ms)
		BackupInstance (0ms)
		ReleaseScriptingObjects (0ms)
		CreateAndSetChildDomain (95ms)
	RebuildCommonClasses (118ms)
	RebuildNativeTypeToScriptingClass (45ms)
	initialDomainReloadingComplete (92ms)
	LoadAllAssembliesAndSetupDomain (1258ms)
		LoadAssemblies (926ms)
		RebuildTransferFunctionScriptingTraits (0ms)
		AnalyzeDomain (581ms)
			TypeCache.Refresh (16ms)
				TypeCache.ScanAssembly (0ms)
			BuildScriptInfoCaches (520ms)
			ResolveRequiredComponents (33ms)
	FinalizeReload (3604ms)
		ReleaseScriptCaches (0ms)
		RebuildScriptCaches (0ms)
		SetupLoadedEditorAssemblies (2922ms)
			LogAssemblyErrors (0ms)
			InitializePlatformSupportModulesInManaged (10ms)
			SetLoadedEditorAssemblies (18ms)
			BeforeProcessingInitializeOnLoad (677ms)
			ProcessInitializeOnLoadAttributes (1810ms)
			ProcessInitializeOnLoadMethodAttributes (367ms)
			AfterProcessingInitializeOnLoad (37ms)
			EditorAssembliesLoaded (3ms)
		ExecutionOrderSort2 (0ms)
		AwakeInstancesAfterBackupRestoration (76ms)
Refreshing native plugins compatible for Editor in 9.47 ms, found 4 plugins.
Preloading 0 native plugins for Editor in 0.00 ms.
Unloading 31 Unused Serialized files (Serialized files now loaded: 0)
Unloading 6762 unused Assets / (4.9 MB). Loaded Objects now: 7533.
Memory consumption went from 162.9 MB to 157.9 MB.
Total: 40.730400 ms (FindLiveObjects: 2.456100 ms CreateObjectMapping: 2.939300 ms MarkObjects: 24.375800 ms  DeleteObjects: 10.957100 ms)

Prepare: number of updated asset objects reloaded= 0
