Using pre-set license
Built from '6000.1/staging' branch; Version is '6000.1.17f1 (c0b9d3899998) revision 12630483'; Using compiler version '194234433'; Build Type 'Release'
OS: 'Windows 11  (10.0.26200) 64bit Professional' Language: 'en' Physical Memory: 32582 MB
BatchMode: 1, IsHumanControllingUs: 0, StartBugReporterOnCrash: 0, Is64bit: 1, IsPro: 1
Date: 2026-03-09T11:33:53Z

COMMAND LINE ARGUMENTS:
C:\Program Files\Unity\Hub\Editor\6000.1.17f1\Editor\Unity.exe
-adb2
-batchMode
-noUpm
-name
AssetImportWorker1
-projectPath
C:/Users/Redst/Documents/GitHub/Game Proto 1
-logFile
Logs/AssetImportWorker1.log
-srvPort
53259
-job-worker-count
3
-background-job-worker-count
8
-gc-helper-count
1
-name
AssetImport
Successfully changed project path to: C:/Users/Redst/Documents/GitHub/Game Proto 1
C:/Users/Redst/Documents/GitHub/Game Proto 1
[UnityMemory] Configuration Parameters - Can be set up in boot.config
    "memorysetup-allocator-temp-initial-block-size-main=262144"
    "memorysetup-allocator-temp-initial-block-size-worker=262144"
    "memorysetup-bucket-allocator-granularity=16"
    "memorysetup-bucket-allocator-bucket-count=8"
    "memorysetup-bucket-allocator-block-size=33554432"
    "memorysetup-bucket-allocator-block-count=8"
    "memorysetup-main-allocator-block-size=16777216"
    "memorysetup-thread-allocator-block-size=16777216"
    "memorysetup-gfx-main-allocator-block-size=16777216"
    "memorysetup-gfx-thread-allocator-block-size=16777216"
    "memorysetup-cache-allocator-block-size=4194304"
    "memorysetup-typetree-allocator-block-size=2097152"
    "memorysetup-profiler-bucket-allocator-granularity=16"
    "memorysetup-profiler-bucket-allocator-bucket-count=8"
    "memorysetup-profiler-bucket-allocator-block-size=33554432"
    "memorysetup-profiler-bucket-allocator-block-count=8"
    "memorysetup-profiler-allocator-block-size=16777216"
    "memorysetup-profiler-editor-allocator-block-size=1048576"
    "memorysetup-temp-allocator-size-main=16777216"
    "memorysetup-job-temp-allocator-block-size=2097152"
    "memorysetup-job-temp-allocator-block-size-background=1048576"
    "memorysetup-job-temp-allocator-reduction-small-platforms=262144"
    "memorysetup-temp-allocator-size-background-worker=32768"
    "memorysetup-temp-allocator-size-job-worker=262144"
    "memorysetup-temp-allocator-size-preload-manager=33554432"
    "memorysetup-temp-allocator-size-nav-mesh-worker=65536"
    "memorysetup-temp-allocator-size-audio-worker=65536"
    "memorysetup-temp-allocator-size-cloud-worker=32768"
    "memorysetup-temp-allocator-size-gi-baking-worker=262144"
    "memorysetup-temp-allocator-size-gi-baking-worker=262144"
    "memorysetup-temp-allocator-size-gi-baking-worker=262144"
    "memorysetup-temp-allocator-size-gi-baking-worker=262144"
    "memorysetup-temp-allocator-size-gi-baking-worker=262144"
    "memorysetup-temp-allocator-size-gfx=262144"
Player connection [12232]  Target information:

Player connection [12232]  * "[IP] 100.88.56.140 [Port] 0 [Flags] 2 [Guid] 1303889236 [EditorId] 1303889236 [Version] 1048832 [Id] WindowsEditor(7,Fi_Coker) [Debug] 1 [PackageName] WindowsEditor [ProjectName] Editor" 

Player connection [12232]  * "[IP] 10.130.160.5 [Port] 0 [Flags] 2 [Guid] 1303889236 [EditorId] 1303889236 [Version] 1048832 [Id] WindowsEditor(7,Fi_Coker) [Debug] 1 [PackageName] WindowsEditor [ProjectName] Editor" 

Player connection [12232] Host joined multi-casting on [225.0.0.222:54997]...
Player connection [12232] Host joined alternative multi-casting on [225.0.0.222:34997]...
JobSystem: Creating JobQueue using job-worker-count value 3
Input System module state changed to: Initialized.
[Physics::Module] Initialized fallback backend.
[Physics::Module] Id: 0xdecafbad
Library Redirect Path: Library/
[Physics::Module] Selected backend.
[Physics::Module] Name: PhysX
[Physics::Module] Id: 0xf2b8ea05
[Physics::Module] SDK Version: 4.1.2
[Physics::Module] Integration Version: 1.0.0
[Physics::Module] Threading Mode: Multi-Threaded
Refreshing native plugins compatible for Editor in 8.12 ms, found 4 plugins.
Preloading 0 native plugins for Editor in 0.00 ms.
Initialize engine version: 6000.1.17f1 (c0b9d3899998)
[Subsystems] Discovering subsystems at path C:/Program Files/Unity/Hub/Editor/6000.1.17f1/Editor/Data/Resources/UnitySubsystems
[Subsystems] Discovering subsystems at path C:/Users/Redst/Documents/GitHub/Game Proto 1/Assets
GfxDevice: creating device client; kGfxThreadingModeNonThreaded
Direct3D:
    Version:         Direct3D 12 [level 12.1]
    Renderer:        Intel(R) UHD Graphics 620 (ID=0x3ea0)
    Vendor:          Intel
    VRAM:            16291 MB
    App VRAM Budget: 15523 MB
    Driver:          31.0.101.2135
    Unified Memory Architecture
    Cache Coherent UMA
Initialize mono
Mono path[0] = 'C:/Program Files/Unity/Hub/Editor/6000.1.17f1/Editor/Data/Managed'
Mono path[1] = 'C:/Program Files/Unity/Hub/Editor/6000.1.17f1/Editor/Data/MonoBleedingEdge/lib/mono/unityjit-win32'
Mono config path = 'C:/Program Files/Unity/Hub/Editor/6000.1.17f1/Editor/Data/MonoBleedingEdge/etc'
Using monoOptions --debugger-agent=transport=dt_socket,embedding=1,server=y,suspend=n,address=127.0.0.1:56296
Begin MonoManager ReloadAssembly
Registering precompiled unity dll's ...
Register platform support module: C:/Program Files/Unity/Hub/Editor/6000.1.17f1/Editor/Data/PlaybackEngines/WindowsStandaloneSupport/UnityEditor.WindowsStandalone.Extensions.dll
Registered in 0.004462 seconds.
- Loaded All Assemblies, in  0.868 seconds
Native extension for WindowsStandalone target not found
Mono: successfully reloaded assembly
- Finished resetting the current domain, in  0.806 seconds
Domain Reload Profiling: 1664ms
	BeginReloadAssembly (275ms)
		ExecutionOrderSort (0ms)
		DisableScriptedObjects (0ms)
		BackupInstance (0ms)
		ReleaseScriptingObjects (0ms)
		CreateAndSetChildDomain (1ms)
	RebuildCommonClasses (83ms)
	RebuildNativeTypeToScriptingClass (26ms)
	initialDomainReloadingComplete (106ms)
	LoadAllAssembliesAndSetupDomain (368ms)
		LoadAssemblies (266ms)
		RebuildTransferFunctionScriptingTraits (0ms)
		AnalyzeDomain (359ms)
			TypeCache.Refresh (355ms)
				TypeCache.ScanAssembly (325ms)
			BuildScriptInfoCaches (0ms)
			ResolveRequiredComponents (1ms)
	FinalizeReload (807ms)
		ReleaseScriptCaches (0ms)
		RebuildScriptCaches (0ms)
		SetupLoadedEditorAssemblies (699ms)
			LogAssemblyErrors (0ms)
			InitializePlatformSupportModulesInManaged (105ms)
			SetLoadedEditorAssemblies (8ms)
			BeforeProcessingInitializeOnLoad (155ms)
			ProcessInitializeOnLoadAttributes (302ms)
			ProcessInitializeOnLoadMethodAttributes (128ms)
			AfterProcessingInitializeOnLoad (0ms)
			EditorAssembliesLoaded (0ms)
		ExecutionOrderSort2 (0ms)
		AwakeInstancesAfterBackupRestoration (0ms)
========================================================================
Worker process is ready to serve import requests
Import Worker Mode flag is 0x00
Begin MonoManager ReloadAssembly
- Loaded All Assemblies, in  2.115 seconds
Refreshing native plugins compatible for Editor in 4.52 ms, found 4 plugins.
Native extension for WindowsStandalone target not found
Mono: successfully reloaded assembly
- Finished resetting the current domain, in  1.781 seconds
Domain Reload Profiling: 3872ms
	BeginReloadAssembly (427ms)
		ExecutionOrderSort (0ms)
		DisableScriptedObjects (15ms)
		BackupInstance (0ms)
		ReleaseScriptingObjects (0ms)
		CreateAndSetChildDomain (64ms)
	RebuildCommonClasses (104ms)
	RebuildNativeTypeToScriptingClass (34ms)
	initialDomainReloadingComplete (115ms)
	LoadAllAssembliesAndSetupDomain (1411ms)
		LoadAssemblies (942ms)
		RebuildTransferFunctionScriptingTraits (0ms)
		AnalyzeDomain (712ms)
			TypeCache.Refresh (528ms)
				TypeCache.ScanAssembly (493ms)
			BuildScriptInfoCaches (148ms)
			ResolveRequiredComponents (28ms)
	FinalizeReload (1781ms)
		ReleaseScriptCaches (0ms)
		RebuildScriptCaches (0ms)
		SetupLoadedEditorAssemblies (1445ms)
			LogAssemblyErrors (0ms)
			InitializePlatformSupportModulesInManaged (4ms)
			SetLoadedEditorAssemblies (9ms)
			BeforeProcessingInitializeOnLoad (337ms)
			ProcessInitializeOnLoadAttributes (859ms)
			ProcessInitializeOnLoadMethodAttributes (221ms)
			AfterProcessingInitializeOnLoad (15ms)
			EditorAssembliesLoaded (0ms)
		ExecutionOrderSort2 (0ms)
		AwakeInstancesAfterBackupRestoration (16ms)
Launched and connected shader compiler UnityShaderCompiler.exe after 0.02 seconds
Refreshing native plugins compatible for Editor in 3.04 ms, found 4 plugins.
Preloading 0 native plugins for Editor in 0.00 ms.
Unloading 32 Unused Serialized files (Serialized files now loaded: 0)
Unloading 6617 unused Assets / (7.0 MB). Loaded Objects now: 7293.
Memory consumption went from 137.6 MB to 130.7 MB.
Total: 18.243600 ms (FindLiveObjects: 0.924100 ms CreateObjectMapping: 1.398700 ms MarkObjects: 9.713900 ms  DeleteObjects: 6.205500 ms)

========================================================================
Received Import Request.
  Time since last request: 102147.029421 seconds.
  path: Assets/UniversalRenderPipelineGlobalSettings.asset
  artifactKey: Guid(93b439a37f63240aca3dd4e01d978a9f) Importer(815301076,1909f56bfc062723c751e8b465ee728b)
Start importing Assets/UniversalRenderPipelineGlobalSettings.asset using Guid(93b439a37f63240aca3dd4e01d978a9f) Importer(815301076,1909f56bfc062723c751e8b465ee728b) (PreviewImporter) -> (artifact id: '1f315d489c9998bb50f98f69832b0b51') in 0.0415715 seconds
Number of updated asset objects reloaded before import = 0Number of asset objects unloaded after import = 0

========================================================================
Received Prepare
Assembly with name 'Unity.CollabProxy.Editor' already exists (Packages/com.unity.collab-proxy/Editor/UnityInternals/Unity.CollabProxy.Editor.asmdef)
Assembly with name 'Unity.CollabProxy.Editor' already exists (Packages/com.unity.collab-proxy/Editor/Toolbar/Unity.CollabProxy.Editor.asmdef)
Assembly with name 'Unity.CollabProxy.Editor' already exists (Packages/com.unity.collab-proxy/Editor/UnityInternals/Unity.CollabProxy.Editor.asmdef)
Assembly with name 'Unity.CollabProxy.Editor' already exists (Packages/com.unity.collab-proxy/Editor/Toolbar/Unity.CollabProxy.Editor.asmdef)
Begin MonoManager ReloadAssembly
- Loaded All Assemblies, in  1.975 seconds
Assembly with name 'Unity.CollabProxy.Editor' already exists (Packages/com.unity.collab-proxy/Editor/UnityInternals/Unity.CollabProxy.Editor.asmdef)
Assembly with name 'Unity.CollabProxy.Editor' already exists (Packages/com.unity.collab-proxy/Editor/Toolbar/Unity.CollabProxy.Editor.asmdef)
Refreshing native plugins compatible for Editor in 4.36 ms, found 4 plugins.
Native extension for WindowsStandalone target not found
Assembly with name 'Unity.CollabProxy.Editor' already exists (Packages/com.unity.collab-proxy/Editor/UnityInternals/Unity.CollabProxy.Editor.asmdef)
Assembly with name 'Unity.CollabProxy.Editor' already exists (Packages/com.unity.collab-proxy/Editor/Toolbar/Unity.CollabProxy.Editor.asmdef)
Mono: successfully reloaded assembly
- Finished resetting the current domain, in  3.069 seconds
Domain Reload Profiling: 5031ms
	BeginReloadAssembly (448ms)
		ExecutionOrderSort (0ms)
		DisableScriptedObjects (27ms)
		BackupInstance (0ms)
		ReleaseScriptingObjects (0ms)
		CreateAndSetChildDomain (92ms)
	RebuildCommonClasses (115ms)
	RebuildNativeTypeToScriptingClass (45ms)
	initialDomainReloadingComplete (83ms)
	LoadAllAssembliesAndSetupDomain (1270ms)
		LoadAssemblies (857ms)
		RebuildTransferFunctionScriptingTraits (0ms)
		AnalyzeDomain (622ms)
			TypeCache.Refresh (395ms)
				TypeCache.ScanAssembly (374ms)
			BuildScriptInfoCaches (189ms)
			ResolveRequiredComponents (29ms)
	FinalizeReload (3071ms)
		ReleaseScriptCaches (0ms)
		RebuildScriptCaches (0ms)
		SetupLoadedEditorAssemblies (2615ms)
			LogAssemblyErrors (0ms)
			InitializePlatformSupportModulesInManaged (6ms)
			SetLoadedEditorAssemblies (9ms)
			BeforeProcessingInitializeOnLoad (588ms)
			ProcessInitializeOnLoadAttributes (1659ms)
			ProcessInitializeOnLoadMethodAttributes (323ms)
			AfterProcessingInitializeOnLoad (29ms)
			EditorAssembliesLoaded (1ms)
		ExecutionOrderSort2 (0ms)
		AwakeInstancesAfterBackupRestoration (60ms)
Refreshing native plugins compatible for Editor in 6.18 ms, found 4 plugins.
Preloading 0 native plugins for Editor in 0.00 ms.
Unloading 31 Unused Serialized files (Serialized files now loaded: 0)
Unloading 6761 unused Assets / (6.6 MB). Loaded Objects now: 7446.
Memory consumption went from 141.1 MB to 134.5 MB.
Total: 30.561000 ms (FindLiveObjects: 1.395300 ms CreateObjectMapping: 3.121500 ms MarkObjects: 17.694000 ms  DeleteObjects: 8.347300 ms)

Prepare: number of updated asset objects reloaded= 0
========================================================================
Received Prepare
Assembly with name 'Unity.CollabProxy.Editor' already exists (Packages/com.unity.collab-proxy/Editor/UnityInternals/Unity.CollabProxy.Editor.asmdef)
Assembly with name 'Unity.CollabProxy.Editor' already exists (Packages/com.unity.collab-proxy/Editor/Toolbar/Unity.CollabProxy.Editor.asmdef)
Assembly with name 'Unity.CollabProxy.Editor' already exists (Packages/com.unity.collab-proxy/Editor/UnityInternals/Unity.CollabProxy.Editor.asmdef)
Assembly with name 'Unity.CollabProxy.Editor' already exists (Packages/com.unity.collab-proxy/Editor/Toolbar/Unity.CollabProxy.Editor.asmdef)
Begin MonoManager ReloadAssembly
- Loaded All Assemblies, in  2.056 seconds
Assembly with name 'Unity.CollabProxy.Editor' already exists (Packages/com.unity.collab-proxy/Editor/UnityInternals/Unity.CollabProxy.Editor.asmdef)
Assembly with name 'Unity.CollabProxy.Editor' already exists (Packages/com.unity.collab-proxy/Editor/Toolbar/Unity.CollabProxy.Editor.asmdef)
Refreshing native plugins compatible for Editor in 5.36 ms, found 4 plugins.
Native extension for WindowsStandalone target not found
Assembly with name 'Unity.CollabProxy.Editor' already exists (Packages/com.unity.collab-proxy/Editor/UnityInternals/Unity.CollabProxy.Editor.asmdef)
Assembly with name 'Unity.CollabProxy.Editor' already exists (Packages/com.unity.collab-proxy/Editor/Toolbar/Unity.CollabProxy.Editor.asmdef)
Mono: successfully reloaded assembly
- Finished resetting the current domain, in  2.022 seconds
Domain Reload Profiling: 4072ms
	BeginReloadAssembly (691ms)
		ExecutionOrderSort (0ms)
		DisableScriptedObjects (95ms)
		BackupInstance (0ms)
		ReleaseScriptingObjects (1ms)
		CreateAndSetChildDomain (188ms)
	RebuildCommonClasses (84ms)
	RebuildNativeTypeToScriptingClass (27ms)
	initialDomainReloadingComplete (75ms)
	LoadAllAssembliesAndSetupDomain (1172ms)
		LoadAssemblies (924ms)
		RebuildTransferFunctionScriptingTraits (0ms)
		AnalyzeDomain (489ms)
			TypeCache.Refresh (13ms)
				TypeCache.ScanAssembly (0ms)
			BuildScriptInfoCaches (438ms)
			ResolveRequiredComponents (25ms)
	FinalizeReload (2023ms)
		ReleaseScriptCaches (0ms)
		RebuildScriptCaches (0ms)
		SetupLoadedEditorAssemblies (1556ms)
			LogAssemblyErrors (0ms)
			InitializePlatformSupportModulesInManaged (5ms)
			SetLoadedEditorAssemblies (11ms)
			BeforeProcessingInitializeOnLoad (458ms)
			ProcessInitializeOnLoadAttributes (929ms)
			ProcessInitializeOnLoadMethodAttributes (130ms)
			AfterProcessingInitializeOnLoad (23ms)
			EditorAssembliesLoaded (0ms)
		ExecutionOrderSort2 (0ms)
		AwakeInstancesAfterBackupRestoration (34ms)
Refreshing native plugins compatible for Editor in 2.66 ms, found 4 plugins.
Preloading 0 native plugins for Editor in 0.00 ms.
Unloading 31 Unused Serialized files (Serialized files now loaded: 0)
Unloading 6761 unused Assets / (6.4 MB). Loaded Objects now: 7449.
Memory consumption went from 142.7 MB to 136.2 MB.
Total: 14.562800 ms (FindLiveObjects: 0.976500 ms CreateObjectMapping: 1.637400 ms MarkObjects: 7.489300 ms  DeleteObjects: 4.458000 ms)

Prepare: number of updated asset objects reloaded= 5
========================================================================
Received Prepare
Assembly with name 'Unity.CollabProxy.Editor' already exists (Packages/com.unity.collab-proxy/Editor/UnityInternals/Unity.CollabProxy.Editor.asmdef)
Assembly with name 'Unity.CollabProxy.Editor' already exists (Packages/com.unity.collab-proxy/Editor/Toolbar/Unity.CollabProxy.Editor.asmdef)
Assembly with name 'Unity.CollabProxy.Editor' already exists (Packages/com.unity.collab-proxy/Editor/UnityInternals/Unity.CollabProxy.Editor.asmdef)
Assembly with name 'Unity.CollabProxy.Editor' already exists (Packages/com.unity.collab-proxy/Editor/Toolbar/Unity.CollabProxy.Editor.asmdef)
Begin MonoManager ReloadAssembly
- Loaded All Assemblies, in  1.807 seconds
Assembly with name 'Unity.CollabProxy.Editor' already exists (Packages/com.unity.collab-proxy/Editor/UnityInternals/Unity.CollabProxy.Editor.asmdef)
Assembly with name 'Unity.CollabProxy.Editor' already exists (Packages/com.unity.collab-proxy/Editor/Toolbar/Unity.CollabProxy.Editor.asmdef)
Refreshing native plugins compatible for Editor in 3.31 ms, found 4 plugins.
Native extension for WindowsStandalone target not found
Assembly with name 'Unity.CollabProxy.Editor' already exists (Packages/com.unity.collab-proxy/Editor/UnityInternals/Unity.CollabProxy.Editor.asmdef)
Assembly with name 'Unity.CollabProxy.Editor' already exists (Packages/com.unity.collab-proxy/Editor/Toolbar/Unity.CollabProxy.Editor.asmdef)
Mono: successfully reloaded assembly
- Finished resetting the current domain, in  1.684 seconds
Domain Reload Profiling: 3483ms
	BeginReloadAssembly (479ms)
		ExecutionOrderSort (0ms)
		DisableScriptedObjects (35ms)
		BackupInstance (0ms)
		ReleaseScriptingObjects (0ms)
		CreateAndSetChildDomain (92ms)
	RebuildCommonClasses (90ms)
	RebuildNativeTypeToScriptingClass (39ms)
	initialDomainReloadingComplete (69ms)
	LoadAllAssembliesAndSetupDomain (1122ms)
		LoadAssemblies (804ms)
		RebuildTransferFunctionScriptingTraits (0ms)
		AnalyzeDomain (555ms)
			TypeCache.Refresh (12ms)
				TypeCache.ScanAssembly (0ms)
			BuildScriptInfoCaches (508ms)
			ResolveRequiredComponents (26ms)
	FinalizeReload (1685ms)
		ReleaseScriptCaches (0ms)
		RebuildScriptCaches (0ms)
		SetupLoadedEditorAssemblies (1329ms)
			LogAssemblyErrors (0ms)
			InitializePlatformSupportModulesInManaged (3ms)
			SetLoadedEditorAssemblies (6ms)
			BeforeProcessingInitializeOnLoad (353ms)
			ProcessInitializeOnLoadAttributes (818ms)
			ProcessInitializeOnLoadMethodAttributes (132ms)
			AfterProcessingInitializeOnLoad (18ms)
			EditorAssembliesLoaded (0ms)
		ExecutionOrderSort2 (0ms)
		AwakeInstancesAfterBackupRestoration (32ms)
Refreshing native plugins compatible for Editor in 2.98 ms, found 4 plugins.
Preloading 0 native plugins for Editor in 0.00 ms.
Unloading 31 Unused Serialized files (Serialized files now loaded: 0)
Unloading 6761 unused Assets / (6.6 MB). Loaded Objects now: 7452.
Memory consumption went from 144.3 MB to 137.7 MB.
Total: 14.222200 ms (FindLiveObjects: 0.994100 ms CreateObjectMapping: 1.678000 ms MarkObjects: 6.531000 ms  DeleteObjects: 5.017700 ms)

Prepare: number of updated asset objects reloaded= 0
========================================================================
Received Prepare
Assembly with name 'Unity.CollabProxy.Editor' already exists (Packages/com.unity.collab-proxy/Editor/UnityInternals/Unity.CollabProxy.Editor.asmdef)
Assembly with name 'Unity.CollabProxy.Editor' already exists (Packages/com.unity.collab-proxy/Editor/Toolbar/Unity.CollabProxy.Editor.asmdef)
Assembly with name 'Unity.CollabProxy.Editor' already exists (Packages/com.unity.collab-proxy/Editor/UnityInternals/Unity.CollabProxy.Editor.asmdef)
Assembly with name 'Unity.CollabProxy.Editor' already exists (Packages/com.unity.collab-proxy/Editor/Toolbar/Unity.CollabProxy.Editor.asmdef)
Begin MonoManager ReloadAssembly
- Loaded All Assemblies, in  1.547 seconds
Assembly with name 'Unity.CollabProxy.Editor' already exists (Packages/com.unity.collab-proxy/Editor/UnityInternals/Unity.CollabProxy.Editor.asmdef)
Assembly with name 'Unity.CollabProxy.Editor' already exists (Packages/com.unity.collab-proxy/Editor/Toolbar/Unity.CollabProxy.Editor.asmdef)
Refreshing native plugins compatible for Editor in 3.15 ms, found 4 plugins.
Native extension for WindowsStandalone target not found
Assembly with name 'Unity.CollabProxy.Editor' already exists (Packages/com.unity.collab-proxy/Editor/UnityInternals/Unity.CollabProxy.Editor.asmdef)
Assembly with name 'Unity.CollabProxy.Editor' already exists (Packages/com.unity.collab-proxy/Editor/Toolbar/Unity.CollabProxy.Editor.asmdef)
Mono: successfully reloaded assembly
- Finished resetting the current domain, in  1.833 seconds
Domain Reload Profiling: 3371ms
	BeginReloadAssembly (408ms)
		ExecutionOrderSort (0ms)
		DisableScriptedObjects (36ms)
		BackupInstance (0ms)
		ReleaseScriptingObjects (0ms)
		CreateAndSetChildDomain (86ms)
	RebuildCommonClasses (85ms)
	RebuildNativeTypeToScriptingClass (30ms)
	initialDomainReloadingComplete (63ms)
	LoadAllAssembliesAndSetupDomain (951ms)
		LoadAssemblies (679ms)
		RebuildTransferFunctionScriptingTraits (0ms)
		AnalyzeDomain (455ms)
			TypeCache.Refresh (11ms)
				TypeCache.ScanAssembly (0ms)
			BuildScriptInfoCaches (411ms)
			ResolveRequiredComponents (23ms)
	FinalizeReload (1834ms)
		ReleaseScriptCaches (0ms)
		RebuildScriptCaches (0ms)
		SetupLoadedEditorAssemblies (1494ms)
			LogAssemblyErrors (0ms)
			InitializePlatformSupportModulesInManaged (3ms)
			SetLoadedEditorAssemblies (9ms)
			BeforeProcessingInitializeOnLoad (353ms)
			ProcessInitializeOnLoadAttributes (936ms)
			ProcessInitializeOnLoadMethodAttributes (175ms)
			AfterProcessingInitializeOnLoad (18ms)
			EditorAssembliesLoaded (1ms)
		ExecutionOrderSort2 (0ms)
		AwakeInstancesAfterBackupRestoration (42ms)
Refreshing native plugins compatible for Editor in 4.74 ms, found 4 plugins.
Preloading 0 native plugins for Editor in 0.00 ms.
Unloading 31 Unused Serialized files (Serialized files now loaded: 0)
Unloading 6761 unused Assets / (6.6 MB). Loaded Objects now: 7455.
Memory consumption went from 145.9 MB to 139.2 MB.
Total: 23.234700 ms (FindLiveObjects: 1.626900 ms CreateObjectMapping: 2.000400 ms MarkObjects: 11.502500 ms  DeleteObjects: 8.103200 ms)

Prepare: number of updated asset objects reloaded= 0
========================================================================
Received Prepare
Assembly with name 'Unity.CollabProxy.Editor' already exists (Packages/com.unity.collab-proxy/Editor/UnityInternals/Unity.CollabProxy.Editor.asmdef)
Assembly with name 'Unity.CollabProxy.Editor' already exists (Packages/com.unity.collab-proxy/Editor/Toolbar/Unity.CollabProxy.Editor.asmdef)
Assembly with name 'Unity.CollabProxy.Editor' already exists (Packages/com.unity.collab-proxy/Editor/UnityInternals/Unity.CollabProxy.Editor.asmdef)
Assembly with name 'Unity.CollabProxy.Editor' already exists (Packages/com.unity.collab-proxy/Editor/Toolbar/Unity.CollabProxy.Editor.asmdef)
Begin MonoManager ReloadAssembly
- Loaded All Assemblies, in  1.533 seconds
Assembly with name 'Unity.CollabProxy.Editor' already exists (Packages/com.unity.collab-proxy/Editor/UnityInternals/Unity.CollabProxy.Editor.asmdef)
Assembly with name 'Unity.CollabProxy.Editor' already exists (Packages/com.unity.collab-proxy/Editor/Toolbar/Unity.CollabProxy.Editor.asmdef)
Refreshing native plugins compatible for Editor in 2.99 ms, found 4 plugins.
Native extension for WindowsStandalone target not found
Assembly with name 'Unity.CollabProxy.Editor' already exists (Packages/com.unity.collab-proxy/Editor/UnityInternals/Unity.CollabProxy.Editor.asmdef)
Assembly with name 'Unity.CollabProxy.Editor' already exists (Packages/com.unity.collab-proxy/Editor/Toolbar/Unity.CollabProxy.Editor.asmdef)
Mono: successfully reloaded assembly
- Finished resetting the current domain, in  1.988 seconds
Domain Reload Profiling: 3512ms
	BeginReloadAssembly (419ms)
		ExecutionOrderSort (0ms)
		DisableScriptedObjects (28ms)
		BackupInstance (0ms)
		ReleaseScriptingObjects (0ms)
		CreateAndSetChildDomain (88ms)
	RebuildCommonClasses (75ms)
	RebuildNativeTypeToScriptingClass (33ms)
	initialDomainReloadingComplete (64ms)
	LoadAllAssembliesAndSetupDomain (933ms)
		LoadAssemblies (669ms)
		RebuildTransferFunctionScriptingTraits (0ms)
		AnalyzeDomain (456ms)
			TypeCache.Refresh (14ms)
				TypeCache.ScanAssembly (0ms)
			BuildScriptInfoCaches (411ms)
			ResolveRequiredComponents (21ms)
	FinalizeReload (1989ms)
		ReleaseScriptCaches (0ms)
		RebuildScriptCaches (0ms)
		SetupLoadedEditorAssemblies (1626ms)
			LogAssemblyErrors (0ms)
			InitializePlatformSupportModulesInManaged (4ms)
			SetLoadedEditorAssemblies (8ms)
			BeforeProcessingInitializeOnLoad (373ms)
			ProcessInitializeOnLoadAttributes (1028ms)
			ProcessInitializeOnLoadMethodAttributes (196ms)
			AfterProcessingInitializeOnLoad (17ms)
			EditorAssembliesLoaded (1ms)
		ExecutionOrderSort2 (0ms)
		AwakeInstancesAfterBackupRestoration (41ms)
Refreshing native plugins compatible for Editor in 5.70 ms, found 4 plugins.
Preloading 0 native plugins for Editor in 0.00 ms.
Unloading 31 Unused Serialized files (Serialized files now loaded: 0)
Unloading 6761 unused Assets / (7.4 MB). Loaded Objects now: 7458.
Memory consumption went from 147.4 MB to 140.0 MB.
Total: 21.409700 ms (FindLiveObjects: 1.737000 ms CreateObjectMapping: 2.258100 ms MarkObjects: 10.570800 ms  DeleteObjects: 6.841900 ms)

Prepare: number of updated asset objects reloaded= 0
========================================================================
Received Prepare
Assembly with name 'Unity.CollabProxy.Editor' already exists (Packages/com.unity.collab-proxy/Editor/UnityInternals/Unity.CollabProxy.Editor.asmdef)
Assembly with name 'Unity.CollabProxy.Editor' already exists (Packages/com.unity.collab-proxy/Editor/Toolbar/Unity.CollabProxy.Editor.asmdef)
Assembly with name 'Unity.CollabProxy.Editor' already exists (Packages/com.unity.collab-proxy/Editor/UnityInternals/Unity.CollabProxy.Editor.asmdef)
Assembly with name 'Unity.CollabProxy.Editor' already exists (Packages/com.unity.collab-proxy/Editor/Toolbar/Unity.CollabProxy.Editor.asmdef)
Begin MonoManager ReloadAssembly
- Loaded All Assemblies, in  1.532 seconds
Assembly with name 'Unity.CollabProxy.Editor' already exists (Packages/com.unity.collab-proxy/Editor/UnityInternals/Unity.CollabProxy.Editor.asmdef)
Assembly with name 'Unity.CollabProxy.Editor' already exists (Packages/com.unity.collab-proxy/Editor/Toolbar/Unity.CollabProxy.Editor.asmdef)
Refreshing native plugins compatible for Editor in 3.33 ms, found 4 plugins.
Native extension for WindowsStandalone target not found
Assembly with name 'Unity.CollabProxy.Editor' already exists (Packages/com.unity.collab-proxy/Editor/UnityInternals/Unity.CollabProxy.Editor.asmdef)
Assembly with name 'Unity.CollabProxy.Editor' already exists (Packages/com.unity.collab-proxy/Editor/Toolbar/Unity.CollabProxy.Editor.asmdef)
Mono: successfully reloaded assembly
- Finished resetting the current domain, in  1.858 seconds
Domain Reload Profiling: 3385ms
	BeginReloadAssembly (413ms)
		ExecutionOrderSort (0ms)
		DisableScriptedObjects (31ms)
		BackupInstance (0ms)
		ReleaseScriptingObjects (0ms)
		CreateAndSetChildDomain (85ms)
	RebuildCommonClasses (84ms)
	RebuildNativeTypeToScriptingClass (27ms)
	initialDomainReloadingComplete (62ms)
	LoadAllAssembliesAndSetupDomain (939ms)
		LoadAssemblies (681ms)
		RebuildTransferFunctionScriptingTraits (0ms)
		AnalyzeDomain (446ms)
			TypeCache.Refresh (12ms)
				TypeCache.ScanAssembly (0ms)
			BuildScriptInfoCaches (400ms)
			ResolveRequiredComponents (25ms)
	FinalizeReload (1859ms)
		ReleaseScriptCaches (0ms)
		RebuildScriptCaches (0ms)
		SetupLoadedEditorAssemblies (1516ms)
			LogAssemblyErrors (0ms)
			InitializePlatformSupportModulesInManaged (4ms)
			SetLoadedEditorAssemblies (6ms)
			BeforeProcessingInitializeOnLoad (370ms)
			ProcessInitializeOnLoadAttributes (948ms)
			ProcessInitializeOnLoadMethodAttributes (170ms)
			AfterProcessingInitializeOnLoad (18ms)
			EditorAssembliesLoaded (1ms)
		ExecutionOrderSort2 (0ms)
		AwakeInstancesAfterBackupRestoration (36ms)
Refreshing native plugins compatible for Editor in 3.34 ms, found 4 plugins.
Preloading 0 native plugins for Editor in 0.00 ms.
Unloading 31 Unused Serialized files (Serialized files now loaded: 0)
Unloading 6761 unused Assets / (6.6 MB). Loaded Objects now: 7461.
Memory consumption went from 149.0 MB to 142.4 MB.
Total: 18.306400 ms (FindLiveObjects: 1.056600 ms CreateObjectMapping: 2.058600 ms MarkObjects: 9.266600 ms  DeleteObjects: 5.922900 ms)

Prepare: number of updated asset objects reloaded= 0
========================================================================
Received Prepare
Assembly with name 'Unity.CollabProxy.Editor' already exists (Packages/com.unity.collab-proxy/Editor/UnityInternals/Unity.CollabProxy.Editor.asmdef)
Assembly with name 'Unity.CollabProxy.Editor' already exists (Packages/com.unity.collab-proxy/Editor/Toolbar/Unity.CollabProxy.Editor.asmdef)
Assembly with name 'Unity.CollabProxy.Editor' already exists (Packages/com.unity.collab-proxy/Editor/UnityInternals/Unity.CollabProxy.Editor.asmdef)
Assembly with name 'Unity.CollabProxy.Editor' already exists (Packages/com.unity.collab-proxy/Editor/Toolbar/Unity.CollabProxy.Editor.asmdef)
Begin MonoManager ReloadAssembly
- Loaded All Assemblies, in  1.468 seconds
Assembly with name 'Unity.CollabProxy.Editor' already exists (Packages/com.unity.collab-proxy/Editor/UnityInternals/Unity.CollabProxy.Editor.asmdef)
Assembly with name 'Unity.CollabProxy.Editor' already exists (Packages/com.unity.collab-proxy/Editor/Toolbar/Unity.CollabProxy.Editor.asmdef)
Refreshing native plugins compatible for Editor in 3.18 ms, found 4 plugins.
Native extension for WindowsStandalone target not found
Assembly with name 'Unity.CollabProxy.Editor' already exists (Packages/com.unity.collab-proxy/Editor/UnityInternals/Unity.CollabProxy.Editor.asmdef)
Assembly with name 'Unity.CollabProxy.Editor' already exists (Packages/com.unity.collab-proxy/Editor/Toolbar/Unity.CollabProxy.Editor.asmdef)
Mono: successfully reloaded assembly
- Finished resetting the current domain, in  1.791 seconds
Domain Reload Profiling: 3251ms
	BeginReloadAssembly (378ms)
		ExecutionOrderSort (0ms)
		DisableScriptedObjects (27ms)
		BackupInstance (0ms)
		ReleaseScriptingObjects (0ms)
		CreateAndSetChildDomain (86ms)
	RebuildCommonClasses (83ms)
	RebuildNativeTypeToScriptingClass (27ms)
	initialDomainReloadingComplete (59ms)
	LoadAllAssembliesAndSetupDomain (913ms)
		LoadAssemblies (645ms)
		RebuildTransferFunctionScriptingTraits (0ms)
		AnalyzeDomain (436ms)
			TypeCache.Refresh (15ms)
				TypeCache.ScanAssembly (0ms)
			BuildScriptInfoCaches (392ms)
			ResolveRequiredComponents (21ms)
	FinalizeReload (1792ms)
		ReleaseScriptCaches (0ms)
		RebuildScriptCaches (0ms)
		SetupLoadedEditorAssemblies (1440ms)
			LogAssemblyErrors (0ms)
			InitializePlatformSupportModulesInManaged (5ms)
			SetLoadedEditorAssemblies (11ms)
			BeforeProcessingInitializeOnLoad (342ms)
			ProcessInitializeOnLoadAttributes (914ms)
			ProcessInitializeOnLoadMethodAttributes (150ms)
			AfterProcessingInitializeOnLoad (17ms)
			EditorAssembliesLoaded (0ms)
		ExecutionOrderSort2 (0ms)
		AwakeInstancesAfterBackupRestoration (32ms)
Refreshing native plugins compatible for Editor in 4.24 ms, found 4 plugins.
Preloading 0 native plugins for Editor in 0.00 ms.
Unloading 31 Unused Serialized files (Serialized files now loaded: 0)
Unloading 6761 unused Assets / (6.9 MB). Loaded Objects now: 7464.
Memory consumption went from 150.6 MB to 143.7 MB.
Total: 19.932400 ms (FindLiveObjects: 1.172000 ms CreateObjectMapping: 2.639500 ms MarkObjects: 9.476300 ms  DeleteObjects: 6.642500 ms)

Prepare: number of updated asset objects reloaded= 0
========================================================================
Received Prepare
Refreshing native plugins compatible for Editor in 3.02 ms, found 4 plugins.
Preloading 0 native plugins for Editor in 0.00 ms.
Unloading 31 Unused Serialized files (Serialized files now loaded: 0)
Unloading 6751 unused Assets / (7.3 MB). Loaded Objects now: 7465.
Memory consumption went from 152.3 MB to 145.0 MB.
Total: 22.721900 ms (FindLiveObjects: 1.048000 ms CreateObjectMapping: 4.219400 ms MarkObjects: 10.860400 ms  DeleteObjects: 6.592700 ms)

Prepare: number of updated asset objects reloaded= 0
========================================================================
Received Prepare
Assembly with name 'Unity.CollabProxy.Editor' already exists (Packages/com.unity.collab-proxy/Editor/UnityInternals/Unity.CollabProxy.Editor.asmdef)
Assembly with name 'Unity.CollabProxy.Editor' already exists (Packages/com.unity.collab-proxy/Editor/Toolbar/Unity.CollabProxy.Editor.asmdef)
Assembly with name 'Unity.CollabProxy.Editor' already exists (Packages/com.unity.collab-proxy/Editor/UnityInternals/Unity.CollabProxy.Editor.asmdef)
Assembly with name 'Unity.CollabProxy.Editor' already exists (Packages/com.unity.collab-proxy/Editor/Toolbar/Unity.CollabProxy.Editor.asmdef)
Begin MonoManager ReloadAssembly
- Loaded All Assemblies, in  8.501 seconds
Assembly with name 'Unity.CollabProxy.Editor' already exists (Packages/com.unity.collab-proxy/Editor/UnityInternals/Unity.CollabProxy.Editor.asmdef)
Assembly with name 'Unity.CollabProxy.Editor' already exists (Packages/com.unity.collab-proxy/Editor/Toolbar/Unity.CollabProxy.Editor.asmdef)
Refreshing native plugins compatible for Editor in 27.54 ms, found 4 plugins.
Native extension for WindowsStandalone target not found
Assembly with name 'Unity.CollabProxy.Editor' already exists (Packages/com.unity.collab-proxy/Editor/UnityInternals/Unity.CollabProxy.Editor.asmdef)
Assembly with name 'Unity.CollabProxy.Editor' already exists (Packages/com.unity.collab-proxy/Editor/Toolbar/Unity.CollabProxy.Editor.asmdef)
Mono: successfully reloaded assembly
- Finished resetting the current domain, in  8.689 seconds
Domain Reload Profiling: 17092ms
	BeginReloadAssembly (3174ms)
		ExecutionOrderSort (0ms)
		DisableScriptedObjects (292ms)
		BackupInstance (0ms)
		ReleaseScriptingObjects (0ms)
		CreateAndSetChildDomain (496ms)
	RebuildCommonClasses (812ms)
	RebuildNativeTypeToScriptingClass (232ms)
	initialDomainReloadingComplete (313ms)
	LoadAllAssembliesAndSetupDomain (3870ms)
		LoadAssemblies (4239ms)
		RebuildTransferFunctionScriptingTraits (0ms)
		AnalyzeDomain (1329ms)
			TypeCache.Refresh (55ms)
				TypeCache.ScanAssembly (0ms)
			BuildScriptInfoCaches (1210ms)
			ResolveRequiredComponents (43ms)
	FinalizeReload (8691ms)
		ReleaseScriptCaches (0ms)
		RebuildScriptCaches (0ms)
		SetupLoadedEditorAssemblies (6953ms)
			LogAssemblyErrors (0ms)
			InitializePlatformSupportModulesInManaged (15ms)
			SetLoadedEditorAssemblies (64ms)
			BeforeProcessingInitializeOnLoad (1656ms)
			ProcessInitializeOnLoadAttributes (4500ms)
			ProcessInitializeOnLoadMethodAttributes (595ms)
			AfterProcessingInitializeOnLoad (122ms)
			EditorAssembliesLoaded (1ms)
		ExecutionOrderSort2 (0ms)
		AwakeInstancesAfterBackupRestoration (186ms)
Refreshing native plugins compatible for Editor in 100.37 ms, found 4 plugins.
Preloading 0 native plugins for Editor in 0.00 ms.
Unloading 31 Unused Serialized files (Serialized files now loaded: 0)
Unloading 6762 unused Assets / (7.1 MB). Loaded Objects now: 7468.
Memory consumption went from 153.8 MB to 146.6 MB.
Total: 113.444400 ms (FindLiveObjects: 60.687000 ms CreateObjectMapping: 12.027000 ms MarkObjects: 24.709300 ms  DeleteObjects: 16.018400 ms)

Prepare: number of updated asset objects reloaded= 0
========================================================================
Received Prepare
Assembly with name 'Unity.CollabProxy.Editor' already exists (Packages/com.unity.collab-proxy/Editor/UnityInternals/Unity.CollabProxy.Editor.asmdef)
Assembly with name 'Unity.CollabProxy.Editor' already exists (Packages/com.unity.collab-proxy/Editor/Toolbar/Unity.CollabProxy.Editor.asmdef)
Assembly with name 'Unity.CollabProxy.Editor' already exists (Packages/com.unity.collab-proxy/Editor/UnityInternals/Unity.CollabProxy.Editor.asmdef)
Assembly with name 'Unity.CollabProxy.Editor' already exists (Packages/com.unity.collab-proxy/Editor/Toolbar/Unity.CollabProxy.Editor.asmdef)
Begin MonoManager ReloadAssembly
- Loaded All Assemblies, in  2.067 seconds
Assembly with name 'Unity.CollabProxy.Editor' already exists (Packages/com.unity.collab-proxy/Editor/UnityInternals/Unity.CollabProxy.Editor.asmdef)
Assembly with name 'Unity.CollabProxy.Editor' already exists (Packages/com.unity.collab-proxy/Editor/Toolbar/Unity.CollabProxy.Editor.asmdef)
Refreshing native plugins compatible for Editor in 4.97 ms, found 4 plugins.
Native extension for WindowsStandalone target not found
Assembly with name 'Unity.CollabProxy.Editor' already exists (Packages/com.unity.collab-proxy/Editor/UnityInternals/Unity.CollabProxy.Editor.asmdef)
Assembly with name 'Unity.CollabProxy.Editor' already exists (Packages/com.unity.collab-proxy/Editor/Toolbar/Unity.CollabProxy.Editor.asmdef)
Mono: successfully reloaded assembly
- Finished resetting the current domain, in  2.277 seconds
Domain Reload Profiling: 4332ms
	BeginReloadAssembly (515ms)
		ExecutionOrderSort (0ms)
		DisableScriptedObjects (44ms)
		BackupInstance (0ms)
		ReleaseScriptingObjects (0ms)
		CreateAndSetChildDomain (111ms)
	RebuildCommonClasses (114ms)
	RebuildNativeTypeToScriptingClass (42ms)
	initialDomainReloadingComplete (85ms)
	LoadAllAssembliesAndSetupDomain (1297ms)
		LoadAssemblies (941ms)
		RebuildTransferFunctionScriptingTraits (0ms)
		AnalyzeDomain (597ms)
			TypeCache.Refresh (15ms)
				TypeCache.ScanAssembly (0ms)
			BuildScriptInfoCaches (542ms)
			ResolveRequiredComponents (28ms)
	FinalizeReload (2279ms)
		ReleaseScriptCaches (0ms)
		RebuildScriptCaches (0ms)
		SetupLoadedEditorAssemblies (1831ms)
			LogAssemblyErrors (0ms)
			InitializePlatformSupportModulesInManaged (4ms)
			SetLoadedEditorAssemblies (8ms)
			BeforeProcessingInitializeOnLoad (449ms)
			ProcessInitializeOnLoadAttributes (1154ms)
			ProcessInitializeOnLoadMethodAttributes (192ms)
			AfterProcessingInitializeOnLoad (23ms)
			EditorAssembliesLoaded (1ms)
		ExecutionOrderSort2 (0ms)
		AwakeInstancesAfterBackupRestoration (56ms)
Refreshing native plugins compatible for Editor in 4.38 ms, found 4 plugins.
Preloading 0 native plugins for Editor in 0.00 ms.
Unloading 31 Unused Serialized files (Serialized files now loaded: 0)
Unloading 6762 unused Assets / (6.2 MB). Loaded Objects now: 7471.
Memory consumption went from 155.3 MB to 149.1 MB.
Total: 26.776800 ms (FindLiveObjects: 1.519200 ms CreateObjectMapping: 3.996800 ms MarkObjects: 14.083200 ms  DeleteObjects: 7.175700 ms)

Prepare: number of updated asset objects reloaded= 0
========================================================================
Received Prepare
Assembly with name 'Unity.CollabProxy.Editor' already exists (Packages/com.unity.collab-proxy/Editor/UnityInternals/Unity.CollabProxy.Editor.asmdef)
Assembly with name 'Unity.CollabProxy.Editor' already exists (Packages/com.unity.collab-proxy/Editor/Toolbar/Unity.CollabProxy.Editor.asmdef)
Assembly with name 'Unity.CollabProxy.Editor' already exists (Packages/com.unity.collab-proxy/Editor/UnityInternals/Unity.CollabProxy.Editor.asmdef)
Assembly with name 'Unity.CollabProxy.Editor' already exists (Packages/com.unity.collab-proxy/Editor/Toolbar/Unity.CollabProxy.Editor.asmdef)
Begin MonoManager ReloadAssembly
- Loaded All Assemblies, in  1.862 seconds
Assembly with name 'Unity.CollabProxy.Editor' already exists (Packages/com.unity.collab-proxy/Editor/UnityInternals/Unity.CollabProxy.Editor.asmdef)
Assembly with name 'Unity.CollabProxy.Editor' already exists (Packages/com.unity.collab-proxy/Editor/Toolbar/Unity.CollabProxy.Editor.asmdef)
Refreshing native plugins compatible for Editor in 6.35 ms, found 4 plugins.
Native extension for WindowsStandalone target not found
Assembly with name 'Unity.CollabProxy.Editor' already exists (Packages/com.unity.collab-proxy/Editor/UnityInternals/Unity.CollabProxy.Editor.asmdef)
Assembly with name 'Unity.CollabProxy.Editor' already exists (Packages/com.unity.collab-proxy/Editor/Toolbar/Unity.CollabProxy.Editor.asmdef)
Mono: successfully reloaded assembly
- Finished resetting the current domain, in  2.201 seconds
Domain Reload Profiling: 4055ms
	BeginReloadAssembly (513ms)
		ExecutionOrderSort (0ms)
		DisableScriptedObjects (33ms)
		BackupInstance (0ms)
		ReleaseScriptingObjects (0ms)
		CreateAndSetChildDomain (111ms)
	RebuildCommonClasses (104ms)
	RebuildNativeTypeToScriptingClass (42ms)
	initialDomainReloadingComplete (72ms)
	LoadAllAssembliesAndSetupDomain (1122ms)
		LoadAssemblies (847ms)
		RebuildTransferFunctionScriptingTraits (0ms)
		AnalyzeDomain (511ms)
			TypeCache.Refresh (14ms)
				TypeCache.ScanAssembly (0ms)
			BuildScriptInfoCaches (460ms)
			ResolveRequiredComponents (28ms)
	FinalizeReload (2203ms)
		ReleaseScriptCaches (0ms)
		RebuildScriptCaches (0ms)
		SetupLoadedEditorAssemblies (1779ms)
			LogAssemblyErrors (0ms)
			InitializePlatformSupportModulesInManaged (3ms)
			SetLoadedEditorAssemblies (8ms)
			BeforeProcessingInitializeOnLoad (401ms)
			ProcessInitializeOnLoadAttributes (1136ms)
			ProcessInitializeOnLoadMethodAttributes (204ms)
			AfterProcessingInitializeOnLoad (25ms)
			EditorAssembliesLoaded (2ms)
		ExecutionOrderSort2 (0ms)
		AwakeInstancesAfterBackupRestoration (50ms)
Refreshing native plugins compatible for Editor in 5.47 ms, found 4 plugins.
Preloading 0 native plugins for Editor in 0.00 ms.
Unloading 31 Unused Serialized files (Serialized files now loaded: 0)
Unloading 6762 unused Assets / (7.1 MB). Loaded Objects now: 7474.
Memory consumption went from 156.8 MB to 149.8 MB.
Total: 26.867800 ms (FindLiveObjects: 1.227200 ms CreateObjectMapping: 2.008400 ms MarkObjects: 12.642700 ms  DeleteObjects: 10.987800 ms)

Prepare: number of updated asset objects reloaded= 0
========================================================================
Received Prepare
Assembly with name 'Unity.CollabProxy.Editor' already exists (Packages/com.unity.collab-proxy/Editor/UnityInternals/Unity.CollabProxy.Editor.asmdef)
Assembly with name 'Unity.CollabProxy.Editor' already exists (Packages/com.unity.collab-proxy/Editor/Toolbar/Unity.CollabProxy.Editor.asmdef)
Assembly with name 'Unity.CollabProxy.Editor' already exists (Packages/com.unity.collab-proxy/Editor/UnityInternals/Unity.CollabProxy.Editor.asmdef)
Assembly with name 'Unity.CollabProxy.Editor' already exists (Packages/com.unity.collab-proxy/Editor/Toolbar/Unity.CollabProxy.Editor.asmdef)
Begin MonoManager ReloadAssembly
- Loaded All Assemblies, in  3.183 seconds
Assembly with name 'Unity.CollabProxy.Editor' already exists (Packages/com.unity.collab-proxy/Editor/UnityInternals/Unity.CollabProxy.Editor.asmdef)
Assembly with name 'Unity.CollabProxy.Editor' already exists (Packages/com.unity.collab-proxy/Editor/Toolbar/Unity.CollabProxy.Editor.asmdef)
Refreshing native plugins compatible for Editor in 6.36 ms, found 4 plugins.
Native extension for WindowsStandalone target not found
Assembly with name 'Unity.CollabProxy.Editor' already exists (Packages/com.unity.collab-proxy/Editor/UnityInternals/Unity.CollabProxy.Editor.asmdef)
Assembly with name 'Unity.CollabProxy.Editor' already exists (Packages/com.unity.collab-proxy/Editor/Toolbar/Unity.CollabProxy.Editor.asmdef)
Mono: successfully reloaded assembly
- Finished resetting the current domain, in  2.276 seconds
Domain Reload Profiling: 5441ms
	BeginReloadAssembly (692ms)
		ExecutionOrderSort (0ms)
		DisableScriptedObjects (52ms)
		BackupInstance (0ms)
		ReleaseScriptingObjects (0ms)
		CreateAndSetChildDomain (141ms)
	RebuildCommonClasses (166ms)
	RebuildNativeTypeToScriptingClass (64ms)
	initialDomainReloadingComplete (129ms)
	LoadAllAssembliesAndSetupDomain (2113ms)
		LoadAssemblies (1435ms)
		RebuildTransferFunctionScriptingTraits (0ms)
		AnalyzeDomain (991ms)
			TypeCache.Refresh (26ms)
				TypeCache.ScanAssembly (0ms)
			BuildScriptInfoCaches (762ms)
			ResolveRequiredComponents (162ms)
	FinalizeReload (2277ms)
		ReleaseScriptCaches (0ms)
		RebuildScriptCaches (0ms)
		SetupLoadedEditorAssemblies (1749ms)
			LogAssemblyErrors (0ms)
			InitializePlatformSupportModulesInManaged (6ms)
			SetLoadedEditorAssemblies (18ms)
			BeforeProcessingInitializeOnLoad (489ms)
			ProcessInitializeOnLoadAttributes (1038ms)
			ProcessInitializeOnLoadMethodAttributes (176ms)
			AfterProcessingInitializeOnLoad (21ms)
			EditorAssembliesLoaded (1ms)
		ExecutionOrderSort2 (0ms)
		AwakeInstancesAfterBackupRestoration (49ms)
Refreshing native plugins compatible for Editor in 5.09 ms, found 4 plugins.
Preloading 0 native plugins for Editor in 0.00 ms.
Unloading 31 Unused Serialized files (Serialized files now loaded: 0)
Unloading 6762 unused Assets / (6.6 MB). Loaded Objects now: 7477.
Memory consumption went from 158.5 MB to 151.8 MB.
Total: 23.331200 ms (FindLiveObjects: 1.526000 ms CreateObjectMapping: 3.773000 ms MarkObjects: 9.812500 ms  DeleteObjects: 8.217500 ms)

Prepare: number of updated asset objects reloaded= 0
========================================================================
Received Prepare
Assembly with name 'Unity.CollabProxy.Editor' already exists (Packages/com.unity.collab-proxy/Editor/UnityInternals/Unity.CollabProxy.Editor.asmdef)
Assembly with name 'Unity.CollabProxy.Editor' already exists (Packages/com.unity.collab-proxy/Editor/Toolbar/Unity.CollabProxy.Editor.asmdef)
Assembly with name 'Unity.CollabProxy.Editor' already exists (Packages/com.unity.collab-proxy/Editor/UnityInternals/Unity.CollabProxy.Editor.asmdef)
Assembly with name 'Unity.CollabProxy.Editor' already exists (Packages/com.unity.collab-proxy/Editor/Toolbar/Unity.CollabProxy.Editor.asmdef)
Begin MonoManager ReloadAssembly
- Loaded All Assemblies, in  2.579 seconds
Assembly with name 'Unity.CollabProxy.Editor' already exists (Packages/com.unity.collab-proxy/Editor/UnityInternals/Unity.CollabProxy.Editor.asmdef)
Assembly with name 'Unity.CollabProxy.Editor' already exists (Packages/com.unity.collab-proxy/Editor/Toolbar/Unity.CollabProxy.Editor.asmdef)
Refreshing native plugins compatible for Editor in 4.08 ms, found 4 plugins.
Native extension for WindowsStandalone target not found
Assembly with name 'Unity.CollabProxy.Editor' already exists (Packages/com.unity.collab-proxy/Editor/UnityInternals/Unity.CollabProxy.Editor.asmdef)
Assembly with name 'Unity.CollabProxy.Editor' already exists (Packages/com.unity.collab-proxy/Editor/Toolbar/Unity.CollabProxy.Editor.asmdef)
Mono: successfully reloaded assembly
- Finished resetting the current domain, in  2.392 seconds
Domain Reload Profiling: 4952ms
	BeginReloadAssembly (565ms)
		ExecutionOrderSort (0ms)
		DisableScriptedObjects (41ms)
		BackupInstance (0ms)
		ReleaseScriptingObjects (0ms)
		CreateAndSetChildDomain (109ms)
	RebuildCommonClasses (135ms)
	RebuildNativeTypeToScriptingClass (50ms)
	initialDomainReloadingComplete (97ms)
	LoadAllAssembliesAndSetupDomain (1712ms)
		LoadAssemblies (1219ms)
		RebuildTransferFunctionScriptingTraits (0ms)
		AnalyzeDomain (766ms)
			TypeCache.Refresh (16ms)
				TypeCache.ScanAssembly (0ms)
			BuildScriptInfoCaches (708ms)
			ResolveRequiredComponents (30ms)
	FinalizeReload (2393ms)
		ReleaseScriptCaches (0ms)
		RebuildScriptCaches (0ms)
		SetupLoadedEditorAssemblies (1948ms)
			LogAssemblyErrors (0ms)
			InitializePlatformSupportModulesInManaged (4ms)
			SetLoadedEditorAssemblies (11ms)
			BeforeProcessingInitializeOnLoad (481ms)
			ProcessInitializeOnLoadAttributes (1240ms)
			ProcessInitializeOnLoadMethodAttributes (189ms)
			AfterProcessingInitializeOnLoad (22ms)
			EditorAssembliesLoaded (1ms)
		ExecutionOrderSort2 (0ms)
		AwakeInstancesAfterBackupRestoration (40ms)
Refreshing native plugins compatible for Editor in 5.59 ms, found 4 plugins.
Preloading 0 native plugins for Editor in 0.00 ms.
Unloading 31 Unused Serialized files (Serialized files now loaded: 0)
Unloading 6762 unused Assets / (5.9 MB). Loaded Objects now: 7480.
Memory consumption went from 160.1 MB to 154.2 MB.
Total: 21.996400 ms (FindLiveObjects: 1.515900 ms CreateObjectMapping: 2.436800 ms MarkObjects: 11.813300 ms  DeleteObjects: 6.228900 ms)

Prepare: number of updated asset objects reloaded= 0
========================================================================
Received Prepare
Assembly with name 'Unity.CollabProxy.Editor' already exists (Packages/com.unity.collab-proxy/Editor/UnityInternals/Unity.CollabProxy.Editor.asmdef)
Assembly with name 'Unity.CollabProxy.Editor' already exists (Packages/com.unity.collab-proxy/Editor/Toolbar/Unity.CollabProxy.Editor.asmdef)
Assembly with name 'Unity.CollabProxy.Editor' already exists (Packages/com.unity.collab-proxy/Editor/UnityInternals/Unity.CollabProxy.Editor.asmdef)
Assembly with name 'Unity.CollabProxy.Editor' already exists (Packages/com.unity.collab-proxy/Editor/Toolbar/Unity.CollabProxy.Editor.asmdef)
Begin MonoManager ReloadAssembly
- Loaded All Assemblies, in  2.061 seconds
Assembly with name 'Unity.CollabProxy.Editor' already exists (Packages/com.unity.collab-proxy/Editor/UnityInternals/Unity.CollabProxy.Editor.asmdef)
Assembly with name 'Unity.CollabProxy.Editor' already exists (Packages/com.unity.collab-proxy/Editor/Toolbar/Unity.CollabProxy.Editor.asmdef)
Refreshing native plugins compatible for Editor in 4.27 ms, found 4 plugins.
Native extension for WindowsStandalone target not found
Assembly with name 'Unity.CollabProxy.Editor' already exists (Packages/com.unity.collab-proxy/Editor/UnityInternals/Unity.CollabProxy.Editor.asmdef)
Assembly with name 'Unity.CollabProxy.Editor' already exists (Packages/com.unity.collab-proxy/Editor/Toolbar/Unity.CollabProxy.Editor.asmdef)
Mono: successfully reloaded assembly
- Finished resetting the current domain, in  2.278 seconds
Domain Reload Profiling: 4327ms
	BeginReloadAssembly (547ms)
		ExecutionOrderSort (0ms)
		DisableScriptedObjects (45ms)
		BackupInstance (0ms)
		ReleaseScriptingObjects (0ms)
		CreateAndSetChildDomain (117ms)
	RebuildCommonClasses (115ms)
	RebuildNativeTypeToScriptingClass (38ms)
	initialDomainReloadingComplete (80ms)
	LoadAllAssembliesAndSetupDomain (1267ms)
		LoadAssemblies (935ms)
		RebuildTransferFunctionScriptingTraits (0ms)
		AnalyzeDomain (574ms)
			TypeCache.Refresh (17ms)
				TypeCache.ScanAssembly (0ms)
			BuildScriptInfoCaches (517ms)
			ResolveRequiredComponents (30ms)
	FinalizeReload (2279ms)
		ReleaseScriptCaches (0ms)
		RebuildScriptCaches (0ms)
		SetupLoadedEditorAssemblies (1830ms)
			LogAssemblyErrors (0ms)
			InitializePlatformSupportModulesInManaged (4ms)
			SetLoadedEditorAssemblies (9ms)
			BeforeProcessingInitializeOnLoad (479ms)
			ProcessInitializeOnLoadAttributes (1126ms)
			ProcessInitializeOnLoadMethodAttributes (186ms)
			AfterProcessingInitializeOnLoad (24ms)
			EditorAssembliesLoaded (1ms)
		ExecutionOrderSort2 (0ms)
		AwakeInstancesAfterBackupRestoration (44ms)
Refreshing native plugins compatible for Editor in 5.80 ms, found 4 plugins.
Preloading 0 native plugins for Editor in 0.00 ms.
Unloading 31 Unused Serialized files (Serialized files now loaded: 0)
Unloading 6762 unused Assets / (6.3 MB). Loaded Objects now: 7483.
Memory consumption went from 161.6 MB to 155.3 MB.
Total: 23.308900 ms (FindLiveObjects: 1.505000 ms CreateObjectMapping: 3.328900 ms MarkObjects: 11.521500 ms  DeleteObjects: 6.951200 ms)

Prepare: number of updated asset objects reloaded= 0
========================================================================
Received Prepare
Assembly with name 'Unity.CollabProxy.Editor' already exists (Packages/com.unity.collab-proxy/Editor/UnityInternals/Unity.CollabProxy.Editor.asmdef)
Assembly with name 'Unity.CollabProxy.Editor' already exists (Packages/com.unity.collab-proxy/Editor/Toolbar/Unity.CollabProxy.Editor.asmdef)
Assembly with name 'Unity.CollabProxy.Editor' already exists (Packages/com.unity.collab-proxy/Editor/UnityInternals/Unity.CollabProxy.Editor.asmdef)
Assembly with name 'Unity.CollabProxy.Editor' already exists (Packages/com.unity.collab-proxy/Editor/Toolbar/Unity.CollabProxy.Editor.asmdef)
Begin MonoManager ReloadAssembly
- Loaded All Assemblies, in  2.776 seconds
Assembly with name 'Unity.CollabProxy.Editor' already exists (Packages/com.unity.collab-proxy/Editor/UnityInternals/Unity.CollabProxy.Editor.asmdef)
Assembly with name 'Unity.CollabProxy.Editor' already exists (Packages/com.unity.collab-proxy/Editor/Toolbar/Unity.CollabProxy.Editor.asmdef)
Refreshing native plugins compatible for Editor in 5.66 ms, found 4 plugins.
Native extension for WindowsStandalone target not found
Assembly with name 'Unity.CollabProxy.Editor' already exists (Packages/com.unity.collab-proxy/Editor/UnityInternals/Unity.CollabProxy.Editor.asmdef)
Assembly with name 'Unity.CollabProxy.Editor' already exists (Packages/com.unity.collab-proxy/Editor/Toolbar/Unity.CollabProxy.Editor.asmdef)
Mono: successfully reloaded assembly
- Finished resetting the current domain, in  3.791 seconds
Domain Reload Profiling: 6549ms
	BeginReloadAssembly (792ms)
		ExecutionOrderSort (0ms)
		DisableScriptedObjects (111ms)
		BackupInstance (0ms)
		ReleaseScriptingObjects (5ms)
		CreateAndSetChildDomain (166ms)
	RebuildCommonClasses (104ms)
	RebuildNativeTypeToScriptingClass (36ms)
	initialDomainReloadingComplete (91ms)
	LoadAllAssembliesAndSetupDomain (1734ms)
		LoadAssemblies (1197ms)
		RebuildTransferFunctionScriptingTraits (0ms)
		AnalyzeDomain (828ms)
			TypeCache.Refresh (16ms)
				TypeCache.ScanAssembly (0ms)
			BuildScriptInfoCaches (761ms)
			ResolveRequiredComponents (36ms)
	FinalizeReload (3792ms)
		ReleaseScriptCaches (0ms)
		RebuildScriptCaches (0ms)
		SetupLoadedEditorAssemblies (3294ms)
			LogAssemblyErrors (0ms)
			InitializePlatformSupportModulesInManaged (5ms)
			SetLoadedEditorAssemblies (9ms)
			BeforeProcessingInitializeOnLoad (746ms)
			ProcessInitializeOnLoadAttributes (2136ms)
			ProcessInitializeOnLoadMethodAttributes (366ms)
			AfterProcessingInitializeOnLoad (33ms)
			EditorAssembliesLoaded (1ms)
		ExecutionOrderSort2 (0ms)
		AwakeInstancesAfterBackupRestoration (58ms)
Refreshing native plugins compatible for Editor in 5.22 ms, found 4 plugins.
Preloading 0 native plugins for Editor in 0.00 ms.
Unloading 31 Unused Serialized files (Serialized files now loaded: 0)
Unloading 6762 unused Assets / (6.6 MB). Loaded Objects now: 7486.
Memory consumption went from 163.2 MB to 156.6 MB.
Total: 25.389100 ms (FindLiveObjects: 1.888700 ms CreateObjectMapping: 2.381200 ms MarkObjects: 12.625100 ms  DeleteObjects: 8.492100 ms)

Prepare: number of updated asset objects reloaded= 0
========================================================================
Received Prepare
Refreshing native plugins compatible for Editor in 5.33 ms, found 4 plugins.
Preloading 0 native plugins for Editor in 0.00 ms.
Unloading 31 Unused Serialized files (Serialized files now loaded: 0)
Unloading 6751 unused Assets / (6.6 MB). Loaded Objects now: 7486.
Memory consumption went from 164.9 MB to 158.3 MB.
Total: 19.297700 ms (FindLiveObjects: 1.162200 ms CreateObjectMapping: 1.818900 ms MarkObjects: 9.002700 ms  DeleteObjects: 7.312400 ms)

Prepare: number of updated asset objects reloaded= 0
========================================================================
Received Prepare
Assembly with name 'Unity.CollabProxy.Editor' already exists (Packages/com.unity.collab-proxy/Editor/UnityInternals/Unity.CollabProxy.Editor.asmdef)
Assembly with name 'Unity.CollabProxy.Editor' already exists (Packages/com.unity.collab-proxy/Editor/Toolbar/Unity.CollabProxy.Editor.asmdef)
Assembly with name 'Unity.CollabProxy.Editor' already exists (Packages/com.unity.collab-proxy/Editor/UnityInternals/Unity.CollabProxy.Editor.asmdef)
Assembly with name 'Unity.CollabProxy.Editor' already exists (Packages/com.unity.collab-proxy/Editor/Toolbar/Unity.CollabProxy.Editor.asmdef)
Begin MonoManager ReloadAssembly
- Loaded All Assemblies, in  1.818 seconds
Assembly with name 'Unity.CollabProxy.Editor' already exists (Packages/com.unity.collab-proxy/Editor/UnityInternals/Unity.CollabProxy.Editor.asmdef)
Assembly with name 'Unity.CollabProxy.Editor' already exists (Packages/com.unity.collab-proxy/Editor/Toolbar/Unity.CollabProxy.Editor.asmdef)
Refreshing native plugins compatible for Editor in 4.82 ms, found 4 plugins.
Native extension for WindowsStandalone target not found
Assembly with name 'Unity.CollabProxy.Editor' already exists (Packages/com.unity.collab-proxy/Editor/UnityInternals/Unity.CollabProxy.Editor.asmdef)
Assembly with name 'Unity.CollabProxy.Editor' already exists (Packages/com.unity.collab-proxy/Editor/Toolbar/Unity.CollabProxy.Editor.asmdef)
Mono: successfully reloaded assembly
- Finished resetting the current domain, in  2.038 seconds
Domain Reload Profiling: 3845ms
	BeginReloadAssembly (468ms)
		ExecutionOrderSort (0ms)
		DisableScriptedObjects (35ms)
		BackupInstance (0ms)
		ReleaseScriptingObjects (0ms)
		CreateAndSetChildDomain (85ms)
	RebuildCommonClasses (106ms)
	RebuildNativeTypeToScriptingClass (37ms)
	initialDomainReloadingComplete (75ms)
	LoadAllAssembliesAndSetupDomain (1120ms)
		LoadAssemblies (829ms)
		RebuildTransferFunctionScriptingTraits (0ms)
		AnalyzeDomain (519ms)
			TypeCache.Refresh (17ms)
				TypeCache.ScanAssembly (0ms)
			BuildScriptInfoCaches (464ms)
			ResolveRequiredComponents (27ms)
	FinalizeReload (2039ms)
		ReleaseScriptCaches (0ms)
		RebuildScriptCaches (0ms)
		SetupLoadedEditorAssemblies (1637ms)
			LogAssemblyErrors (0ms)
			InitializePlatformSupportModulesInManaged (4ms)
			SetLoadedEditorAssemblies (7ms)
			BeforeProcessingInitializeOnLoad (424ms)
			ProcessInitializeOnLoadAttributes (1001ms)
			ProcessInitializeOnLoadMethodAttributes (181ms)
			AfterProcessingInitializeOnLoad (20ms)
			EditorAssembliesLoaded (1ms)
		ExecutionOrderSort2 (0ms)
		AwakeInstancesAfterBackupRestoration (45ms)
Refreshing native plugins compatible for Editor in 5.21 ms, found 4 plugins.
Preloading 0 native plugins for Editor in 0.00 ms.
Unloading 31 Unused Serialized files (Serialized files now loaded: 0)
Unloading 6762 unused Assets / (6.7 MB). Loaded Objects now: 7489.
Memory consumption went from 166.3 MB to 159.5 MB.
Total: 21.735400 ms (FindLiveObjects: 1.855900 ms CreateObjectMapping: 1.973900 ms MarkObjects: 9.314600 ms  DeleteObjects: 8.589100 ms)

Prepare: number of updated asset objects reloaded= 0
========================================================================
Received Prepare
Assembly with name 'Unity.CollabProxy.Editor' already exists (Packages/com.unity.collab-proxy/Editor/UnityInternals/Unity.CollabProxy.Editor.asmdef)
Assembly with name 'Unity.CollabProxy.Editor' already exists (Packages/com.unity.collab-proxy/Editor/Toolbar/Unity.CollabProxy.Editor.asmdef)
Assembly with name 'Unity.CollabProxy.Editor' already exists (Packages/com.unity.collab-proxy/Editor/UnityInternals/Unity.CollabProxy.Editor.asmdef)
Assembly with name 'Unity.CollabProxy.Editor' already exists (Packages/com.unity.collab-proxy/Editor/Toolbar/Unity.CollabProxy.Editor.asmdef)
Begin MonoManager ReloadAssembly
- Loaded All Assemblies, in  1.990 seconds
Assembly with name 'Unity.CollabProxy.Editor' already exists (Packages/com.unity.collab-proxy/Editor/UnityInternals/Unity.CollabProxy.Editor.asmdef)
Assembly with name 'Unity.CollabProxy.Editor' already exists (Packages/com.unity.collab-proxy/Editor/Toolbar/Unity.CollabProxy.Editor.asmdef)
Refreshing native plugins compatible for Editor in 3.85 ms, found 4 plugins.
Native extension for WindowsStandalone target not found
Assembly with name 'Unity.CollabProxy.Editor' already exists (Packages/com.unity.collab-proxy/Editor/UnityInternals/Unity.CollabProxy.Editor.asmdef)
Assembly with name 'Unity.CollabProxy.Editor' already exists (Packages/com.unity.collab-proxy/Editor/Toolbar/Unity.CollabProxy.Editor.asmdef)
Mono: successfully reloaded assembly
- Finished resetting the current domain, in  2.031 seconds
Domain Reload Profiling: 4006ms
	BeginReloadAssembly (525ms)
		ExecutionOrderSort (0ms)
		DisableScriptedObjects (36ms)
		BackupInstance (0ms)
		ReleaseScriptingObjects (0ms)
		CreateAndSetChildDomain (103ms)
	RebuildCommonClasses (114ms)
	RebuildNativeTypeToScriptingClass (41ms)
	initialDomainReloadingComplete (84ms)
	LoadAllAssembliesAndSetupDomain (1209ms)
		LoadAssemblies (910ms)
		RebuildTransferFunctionScriptingTraits (0ms)
		AnalyzeDomain (550ms)
			TypeCache.Refresh (16ms)
				TypeCache.ScanAssembly (0ms)
			BuildScriptInfoCaches (490ms)
			ResolveRequiredComponents (34ms)
	FinalizeReload (2032ms)
		ReleaseScriptCaches (0ms)
		RebuildScriptCaches (0ms)
		SetupLoadedEditorAssemblies (1645ms)
			LogAssemblyErrors (0ms)
			InitializePlatformSupportModulesInManaged (6ms)
			SetLoadedEditorAssemblies (7ms)
			BeforeProcessingInitializeOnLoad (416ms)
			ProcessInitializeOnLoadAttributes (1021ms)
			ProcessInitializeOnLoadMethodAttributes (174ms)
			AfterProcessingInitializeOnLoad (20ms)
			EditorAssembliesLoaded (0ms)
		ExecutionOrderSort2 (0ms)
		AwakeInstancesAfterBackupRestoration (36ms)
Refreshing native plugins compatible for Editor in 4.86 ms, found 4 plugins.
Preloading 0 native plugins for Editor in 0.00 ms.
Unloading 31 Unused Serialized files (Serialized files now loaded: 0)
Unloading 6762 unused Assets / (6.8 MB). Loaded Objects now: 7492.
Memory consumption went from 167.9 MB to 161.1 MB.
Total: 23.786000 ms (FindLiveObjects: 1.672000 ms CreateObjectMapping: 1.919200 ms MarkObjects: 12.008200 ms  DeleteObjects: 8.184500 ms)

Prepare: number of updated asset objects reloaded= 0
========================================================================
Received Import Request.
  Time since last request: 6117.912079 seconds.
  path: Assets/Settings/Renderer2D.asset
  artifactKey: Guid(424799608f7334c24bf367e4bbfa7f9a) Importer(815301076,1909f56bfc062723c751e8b465ee728b)
Start importing Assets/Settings/Renderer2D.asset using Guid(424799608f7334c24bf367e4bbfa7f9a) Importer(815301076,1909f56bfc062723c751e8b465ee728b) (PreviewImporter) -> (artifact id: '403a0a9c0aeae1e5730532c1b4a28511') in 0.0681707 seconds
Number of updated asset objects reloaded before import = 0Number of asset objects unloaded after import = 0

========================================================================
Received Import Request.
  Time since last request: 0.000031 seconds.
  path: Assets/Settings/UniversalRP.asset
  artifactKey: Guid(681886c5eb7344803b6206f758bf0b1c) Importer(815301076,1909f56bfc062723c751e8b465ee728b)
Start importing Assets/Settings/UniversalRP.asset using Guid(681886c5eb7344803b6206f758bf0b1c) Importer(815301076,1909f56bfc062723c751e8b465ee728b) (PreviewImporter) -> (artifact id: '910a3316ce45b604f98c2ad003aa3cfb') in 0.0023179 seconds
Number of updated asset objects reloaded before import = 0Number of asset objects unloaded after import = 0

========================================================================
Received Prepare
Assembly with name 'Unity.CollabProxy.Editor' already exists (Packages/com.unity.collab-proxy/Editor/UnityInternals/Unity.CollabProxy.Editor.asmdef)
Assembly with name 'Unity.CollabProxy.Editor' already exists (Packages/com.unity.collab-proxy/Editor/Toolbar/Unity.CollabProxy.Editor.asmdef)
Assembly with name 'Unity.CollabProxy.Editor' already exists (Packages/com.unity.collab-proxy/Editor/UnityInternals/Unity.CollabProxy.Editor.asmdef)
Assembly with name 'Unity.CollabProxy.Editor' already exists (Packages/com.unity.collab-proxy/Editor/Toolbar/Unity.CollabProxy.Editor.asmdef)
Begin MonoManager ReloadAssembly
- Loaded All Assemblies, in  1.966 seconds
Assembly with name 'Unity.CollabProxy.Editor' already exists (Packages/com.unity.collab-proxy/Editor/UnityInternals/Unity.CollabProxy.Editor.asmdef)
Assembly with name 'Unity.CollabProxy.Editor' already exists (Packages/com.unity.collab-proxy/Editor/Toolbar/Unity.CollabProxy.Editor.asmdef)
Refreshing native plugins compatible for Editor in 4.17 ms, found 4 plugins.
Native extension for WindowsStandalone target not found
Assembly with name 'Unity.CollabProxy.Editor' already exists (Packages/com.unity.collab-proxy/Editor/UnityInternals/Unity.CollabProxy.Editor.asmdef)
Assembly with name 'Unity.CollabProxy.Editor' already exists (Packages/com.unity.collab-proxy/Editor/Toolbar/Unity.CollabProxy.Editor.asmdef)
Mono: successfully reloaded assembly
- Finished resetting the current domain, in  2.155 seconds
Domain Reload Profiling: 4109ms
	BeginReloadAssembly (569ms)
		ExecutionOrderSort (0ms)
		DisableScriptedObjects (48ms)
		BackupInstance (0ms)
		ReleaseScriptingObjects (0ms)
		CreateAndSetChildDomain (112ms)
	RebuildCommonClasses (102ms)
	RebuildNativeTypeToScriptingClass (36ms)
	initialDomainReloadingComplete (85ms)
	LoadAllAssembliesAndSetupDomain (1160ms)
		LoadAssemblies (860ms)
		RebuildTransferFunctionScriptingTraits (0ms)
		AnalyzeDomain (549ms)
			TypeCache.Refresh (14ms)
				TypeCache.ScanAssembly (0ms)
			BuildScriptInfoCaches (497ms)
			ResolveRequiredComponents (26ms)
	FinalizeReload (2156ms)
		ReleaseScriptCaches (0ms)
		RebuildScriptCaches (0ms)
		SetupLoadedEditorAssemblies (1753ms)
			LogAssemblyErrors (0ms)
			InitializePlatformSupportModulesInManaged (5ms)
			SetLoadedEditorAssemblies (8ms)
			BeforeProcessingInitializeOnLoad (405ms)
			ProcessInitializeOnLoadAttributes (1153ms)
			ProcessInitializeOnLoadMethodAttributes (160ms)
			AfterProcessingInitializeOnLoad (21ms)
			EditorAssembliesLoaded (0ms)
		ExecutionOrderSort2 (0ms)
		AwakeInstancesAfterBackupRestoration (34ms)
Refreshing native plugins compatible for Editor in 4.83 ms, found 4 plugins.
Preloading 0 native plugins for Editor in 0.00 ms.
Unloading 31 Unused Serialized files (Serialized files now loaded: 0)
Unloading 6762 unused Assets / (6.6 MB). Loaded Objects now: 7495.
Memory consumption went from 142.2 MB to 135.6 MB.
Total: 18.166400 ms (FindLiveObjects: 1.131400 ms CreateObjectMapping: 1.774500 ms MarkObjects: 9.029300 ms  DeleteObjects: 6.230000 ms)

Prepare: number of updated asset objects reloaded= 0
========================================================================
Received Prepare
Assembly with name 'Unity.CollabProxy.Editor' already exists (Packages/com.unity.collab-proxy/Editor/UnityInternals/Unity.CollabProxy.Editor.asmdef)
Assembly with name 'Unity.CollabProxy.Editor' already exists (Packages/com.unity.collab-proxy/Editor/Toolbar/Unity.CollabProxy.Editor.asmdef)
Assembly with name 'Unity.CollabProxy.Editor' already exists (Packages/com.unity.collab-proxy/Editor/UnityInternals/Unity.CollabProxy.Editor.asmdef)
Assembly with name 'Unity.CollabProxy.Editor' already exists (Packages/com.unity.collab-proxy/Editor/Toolbar/Unity.CollabProxy.Editor.asmdef)
Begin MonoManager ReloadAssembly
- Loaded All Assemblies, in  1.855 seconds
Assembly with name 'Unity.CollabProxy.Editor' already exists (Packages/com.unity.collab-proxy/Editor/UnityInternals/Unity.CollabProxy.Editor.asmdef)
Assembly with name 'Unity.CollabProxy.Editor' already exists (Packages/com.unity.collab-proxy/Editor/Toolbar/Unity.CollabProxy.Editor.asmdef)
Refreshing native plugins compatible for Editor in 4.62 ms, found 4 plugins.
Native extension for WindowsStandalone target not found
Assembly with name 'Unity.CollabProxy.Editor' already exists (Packages/com.unity.collab-proxy/Editor/UnityInternals/Unity.CollabProxy.Editor.asmdef)
Assembly with name 'Unity.CollabProxy.Editor' already exists (Packages/com.unity.collab-proxy/Editor/Toolbar/Unity.CollabProxy.Editor.asmdef)
Mono: successfully reloaded assembly
- Finished resetting the current domain, in  2.785 seconds
Domain Reload Profiling: 4629ms
	BeginReloadAssembly (455ms)
		ExecutionOrderSort (0ms)
		DisableScriptedObjects (35ms)
		BackupInstance (0ms)
		ReleaseScriptingObjects (0ms)
		CreateAndSetChildDomain (81ms)
	RebuildCommonClasses (94ms)
	RebuildNativeTypeToScriptingClass (35ms)
	initialDomainReloadingComplete (73ms)
	LoadAllAssembliesAndSetupDomain (1187ms)
		LoadAssemblies (828ms)
		RebuildTransferFunctionScriptingTraits (0ms)
		AnalyzeDomain (577ms)
			TypeCache.Refresh (14ms)
				TypeCache.ScanAssembly (0ms)
			BuildScriptInfoCaches (524ms)
			ResolveRequiredComponents (30ms)
	FinalizeReload (2786ms)
		ReleaseScriptCaches (0ms)
		RebuildScriptCaches (0ms)
		SetupLoadedEditorAssemblies (2301ms)
			LogAssemblyErrors (0ms)
			InitializePlatformSupportModulesInManaged (6ms)
			SetLoadedEditorAssemblies (9ms)
			BeforeProcessingInitializeOnLoad (496ms)
			ProcessInitializeOnLoadAttributes (1489ms)
			ProcessInitializeOnLoadMethodAttributes (274ms)
			AfterProcessingInitializeOnLoad (26ms)
			EditorAssembliesLoaded (1ms)
		ExecutionOrderSort2 (0ms)
		AwakeInstancesAfterBackupRestoration (55ms)
Refreshing native plugins compatible for Editor in 7.37 ms, found 4 plugins.
Preloading 0 native plugins for Editor in 0.00 ms.
Unloading 31 Unused Serialized files (Serialized files now loaded: 0)
Unloading 6762 unused Assets / (6.7 MB). Loaded Objects now: 7498.
Memory consumption went from 143.7 MB to 137.0 MB.
Total: 34.239900 ms (FindLiveObjects: 1.851000 ms CreateObjectMapping: 2.905200 ms MarkObjects: 16.790900 ms  DeleteObjects: 12.691100 ms)

Prepare: number of updated asset objects reloaded= 0
========================================================================
Received Prepare
Assembly with name 'Unity.CollabProxy.Editor' already exists (Packages/com.unity.collab-proxy/Editor/UnityInternals/Unity.CollabProxy.Editor.asmdef)
Assembly with name 'Unity.CollabProxy.Editor' already exists (Packages/com.unity.collab-proxy/Editor/Toolbar/Unity.CollabProxy.Editor.asmdef)
Assembly with name 'Unity.CollabProxy.Editor' already exists (Packages/com.unity.collab-proxy/Editor/UnityInternals/Unity.CollabProxy.Editor.asmdef)
Assembly with name 'Unity.CollabProxy.Editor' already exists (Packages/com.unity.collab-proxy/Editor/Toolbar/Unity.CollabProxy.Editor.asmdef)
Begin MonoManager ReloadAssembly
- Loaded All Assemblies, in  1.806 seconds
Assembly with name 'Unity.CollabProxy.Editor' already exists (Packages/com.unity.collab-proxy/Editor/UnityInternals/Unity.CollabProxy.Editor.asmdef)
Assembly with name 'Unity.CollabProxy.Editor' already exists (Packages/com.unity.collab-proxy/Editor/Toolbar/Unity.CollabProxy.Editor.asmdef)
Refreshing native plugins compatible for Editor in 6.34 ms, found 4 plugins.
Native extension for WindowsStandalone target not found
Assembly with name 'Unity.CollabProxy.Editor' already exists (Packages/com.unity.collab-proxy/Editor/UnityInternals/Unity.CollabProxy.Editor.asmdef)
Assembly with name 'Unity.CollabProxy.Editor' already exists (Packages/com.unity.collab-proxy/Editor/Toolbar/Unity.CollabProxy.Editor.asmdef)
Mono: successfully reloaded assembly
- Finished resetting the current domain, in  2.030 seconds
Domain Reload Profiling: 3823ms
	BeginReloadAssembly (457ms)
		ExecutionOrderSort (0ms)
		DisableScriptedObjects (32ms)
		BackupInstance (0ms)
		ReleaseScriptingObjects (0ms)
		CreateAndSetChildDomain (88ms)
	RebuildCommonClasses (99ms)
	RebuildNativeTypeToScriptingClass (38ms)
	initialDomainReloadingComplete (70ms)
	LoadAllAssembliesAndSetupDomain (1128ms)
		LoadAssemblies (816ms)
		RebuildTransferFunctionScriptingTraits (0ms)
		AnalyzeDomain (528ms)
			TypeCache.Refresh (14ms)
				TypeCache.ScanAssembly (0ms)
			BuildScriptInfoCaches (478ms)
			ResolveRequiredComponents (24ms)
	FinalizeReload (2031ms)
		ReleaseScriptCaches (0ms)
		RebuildScriptCaches (0ms)
		SetupLoadedEditorAssemblies (1618ms)
			LogAssemblyErrors (0ms)
			InitializePlatformSupportModulesInManaged (3ms)
			SetLoadedEditorAssemblies (10ms)
			BeforeProcessingInitializeOnLoad (384ms)
			ProcessInitializeOnLoadAttributes (1001ms)
			ProcessInitializeOnLoadMethodAttributes (197ms)
			AfterProcessingInitializeOnLoad (22ms)
			EditorAssembliesLoaded (1ms)
		ExecutionOrderSort2 (0ms)
		AwakeInstancesAfterBackupRestoration (46ms)
Refreshing native plugins compatible for Editor in 4.91 ms, found 4 plugins.
Preloading 0 native plugins for Editor in 0.00 ms.
Unloading 31 Unused Serialized files (Serialized files now loaded: 0)
Unloading 6762 unused Assets / (6.5 MB). Loaded Objects now: 7501.
Memory consumption went from 145.2 MB to 138.8 MB.
Total: 23.933400 ms (FindLiveObjects: 1.428500 ms CreateObjectMapping: 2.327300 ms MarkObjects: 11.527200 ms  DeleteObjects: 8.648400 ms)

Prepare: number of updated asset objects reloaded= 0
========================================================================
Received Prepare
Assembly with name 'Unity.CollabProxy.Editor' already exists (Packages/com.unity.collab-proxy/Editor/UnityInternals/Unity.CollabProxy.Editor.asmdef)
Assembly with name 'Unity.CollabProxy.Editor' already exists (Packages/com.unity.collab-proxy/Editor/Toolbar/Unity.CollabProxy.Editor.asmdef)
Assembly with name 'Unity.CollabProxy.Editor' already exists (Packages/com.unity.collab-proxy/Editor/UnityInternals/Unity.CollabProxy.Editor.asmdef)
Assembly with name 'Unity.CollabProxy.Editor' already exists (Packages/com.unity.collab-proxy/Editor/Toolbar/Unity.CollabProxy.Editor.asmdef)
Begin MonoManager ReloadAssembly
- Loaded All Assemblies, in  1.931 seconds
Assembly with name 'Unity.CollabProxy.Editor' already exists (Packages/com.unity.collab-proxy/Editor/UnityInternals/Unity.CollabProxy.Editor.asmdef)
Assembly with name 'Unity.CollabProxy.Editor' already exists (Packages/com.unity.collab-proxy/Editor/Toolbar/Unity.CollabProxy.Editor.asmdef)
Refreshing native plugins compatible for Editor in 6.43 ms, found 4 plugins.
Native extension for WindowsStandalone target not found
Assembly with name 'Unity.CollabProxy.Editor' already exists (Packages/com.unity.collab-proxy/Editor/UnityInternals/Unity.CollabProxy.Editor.asmdef)
Assembly with name 'Unity.CollabProxy.Editor' already exists (Packages/com.unity.collab-proxy/Editor/Toolbar/Unity.CollabProxy.Editor.asmdef)
Mono: successfully reloaded assembly
- Finished resetting the current domain, in  2.309 seconds
Domain Reload Profiling: 4230ms
	BeginReloadAssembly (514ms)
		ExecutionOrderSort (0ms)
		DisableScriptedObjects (40ms)
		BackupInstance (0ms)
		ReleaseScriptingObjects (0ms)
		CreateAndSetChildDomain (96ms)
	RebuildCommonClasses (106ms)
	RebuildNativeTypeToScriptingClass (45ms)
	initialDomainReloadingComplete (74ms)
	LoadAllAssembliesAndSetupDomain (1181ms)
		LoadAssemblies (886ms)
		RebuildTransferFunctionScriptingTraits (0ms)
		AnalyzeDomain (541ms)
			TypeCache.Refresh (21ms)
				TypeCache.ScanAssembly (1ms)
			BuildScriptInfoCaches (481ms)
			ResolveRequiredComponents (29ms)
	FinalizeReload (2310ms)
		ReleaseScriptCaches (0ms)
		RebuildScriptCaches (0ms)
		SetupLoadedEditorAssemblies (1881ms)
			LogAssemblyErrors (0ms)
			InitializePlatformSupportModulesInManaged (5ms)
			SetLoadedEditorAssemblies (16ms)
			BeforeProcessingInitializeOnLoad (454ms)
			ProcessInitializeOnLoadAttributes (1178ms)
			ProcessInitializeOnLoadMethodAttributes (210ms)
			AfterProcessingInitializeOnLoad (19ms)
			EditorAssembliesLoaded (0ms)
		ExecutionOrderSort2 (0ms)
		AwakeInstancesAfterBackupRestoration (54ms)
Refreshing native plugins compatible for Editor in 6.32 ms, found 4 plugins.
Preloading 0 native plugins for Editor in 0.00 ms.
Unloading 31 Unused Serialized files (Serialized files now loaded: 0)
Unloading 6762 unused Assets / (6.4 MB). Loaded Objects now: 7504.
Memory consumption went from 146.8 MB to 140.4 MB.
Total: 25.167800 ms (FindLiveObjects: 1.186900 ms CreateObjectMapping: 4.130100 ms MarkObjects: 11.563200 ms  DeleteObjects: 8.285700 ms)

Prepare: number of updated asset objects reloaded= 0
========================================================================
Received Prepare
Assembly with name 'Unity.CollabProxy.Editor' already exists (Packages/com.unity.collab-proxy/Editor/UnityInternals/Unity.CollabProxy.Editor.asmdef)
Assembly with name 'Unity.CollabProxy.Editor' already exists (Packages/com.unity.collab-proxy/Editor/Toolbar/Unity.CollabProxy.Editor.asmdef)
Assembly with name 'Unity.CollabProxy.Editor' already exists (Packages/com.unity.collab-proxy/Editor/UnityInternals/Unity.CollabProxy.Editor.asmdef)
Assembly with name 'Unity.CollabProxy.Editor' already exists (Packages/com.unity.collab-proxy/Editor/Toolbar/Unity.CollabProxy.Editor.asmdef)
Begin MonoManager ReloadAssembly
- Loaded All Assemblies, in  2.089 seconds
Assembly with name 'Unity.CollabProxy.Editor' already exists (Packages/com.unity.collab-proxy/Editor/UnityInternals/Unity.CollabProxy.Editor.asmdef)
Assembly with name 'Unity.CollabProxy.Editor' already exists (Packages/com.unity.collab-proxy/Editor/Toolbar/Unity.CollabProxy.Editor.asmdef)
Refreshing native plugins compatible for Editor in 3.96 ms, found 4 plugins.
Native extension for WindowsStandalone target not found
Assembly with name 'Unity.CollabProxy.Editor' already exists (Packages/com.unity.collab-proxy/Editor/UnityInternals/Unity.CollabProxy.Editor.asmdef)
Assembly with name 'Unity.CollabProxy.Editor' already exists (Packages/com.unity.collab-proxy/Editor/Toolbar/Unity.CollabProxy.Editor.asmdef)
Mono: successfully reloaded assembly
- Finished resetting the current domain, in  2.162 seconds
Domain Reload Profiling: 4239ms
	BeginReloadAssembly (526ms)
		ExecutionOrderSort (0ms)
		DisableScriptedObjects (34ms)
		BackupInstance (0ms)
		ReleaseScriptingObjects (0ms)
		CreateAndSetChildDomain (99ms)
	RebuildCommonClasses (107ms)
	RebuildNativeTypeToScriptingClass (40ms)
	initialDomainReloadingComplete (83ms)
	LoadAllAssembliesAndSetupDomain (1320ms)
		LoadAssemblies (918ms)
		RebuildTransferFunctionScriptingTraits (0ms)
		AnalyzeDomain (664ms)
			TypeCache.Refresh (19ms)
				TypeCache.ScanAssembly (0ms)
			BuildScriptInfoCaches (596ms)
			ResolveRequiredComponents (38ms)
	FinalizeReload (2163ms)
		ReleaseScriptCaches (0ms)
		RebuildScriptCaches (0ms)
		SetupLoadedEditorAssemblies (1722ms)
			LogAssemblyErrors (0ms)
			InitializePlatformSupportModulesInManaged (5ms)
			SetLoadedEditorAssemblies (16ms)
			BeforeProcessingInitializeOnLoad (435ms)
			ProcessInitializeOnLoadAttributes (1038ms)
			ProcessInitializeOnLoadMethodAttributes (202ms)
			AfterProcessingInitializeOnLoad (26ms)
			EditorAssembliesLoaded (1ms)
		ExecutionOrderSort2 (0ms)
		AwakeInstancesAfterBackupRestoration (50ms)
Refreshing native plugins compatible for Editor in 5.82 ms, found 4 plugins.
Preloading 0 native plugins for Editor in 0.00 ms.
Unloading 31 Unused Serialized files (Serialized files now loaded: 0)
Unloading 6762 unused Assets / (6.2 MB). Loaded Objects now: 7507.
Memory consumption went from 148.4 MB to 142.2 MB.
Total: 21.569700 ms (FindLiveObjects: 1.490400 ms CreateObjectMapping: 2.692900 ms MarkObjects: 10.902500 ms  DeleteObjects: 6.482000 ms)

Prepare: number of updated asset objects reloaded= 0
========================================================================
Received Prepare
Assembly with name 'Unity.CollabProxy.Editor' already exists (Packages/com.unity.collab-proxy/Editor/UnityInternals/Unity.CollabProxy.Editor.asmdef)
Assembly with name 'Unity.CollabProxy.Editor' already exists (Packages/com.unity.collab-proxy/Editor/Toolbar/Unity.CollabProxy.Editor.asmdef)
Assembly with name 'Unity.CollabProxy.Editor' already exists (Packages/com.unity.collab-proxy/Editor/UnityInternals/Unity.CollabProxy.Editor.asmdef)
Assembly with name 'Unity.CollabProxy.Editor' already exists (Packages/com.unity.collab-proxy/Editor/Toolbar/Unity.CollabProxy.Editor.asmdef)
Begin MonoManager ReloadAssembly
- Loaded All Assemblies, in  1.931 seconds
Assembly with name 'Unity.CollabProxy.Editor' already exists (Packages/com.unity.collab-proxy/Editor/UnityInternals/Unity.CollabProxy.Editor.asmdef)
Assembly with name 'Unity.CollabProxy.Editor' already exists (Packages/com.unity.collab-proxy/Editor/Toolbar/Unity.CollabProxy.Editor.asmdef)
Refreshing native plugins compatible for Editor in 3.75 ms, found 4 plugins.
Native extension for WindowsStandalone target not found
Assembly with name 'Unity.CollabProxy.Editor' already exists (Packages/com.unity.collab-proxy/Editor/UnityInternals/Unity.CollabProxy.Editor.asmdef)
Assembly with name 'Unity.CollabProxy.Editor' already exists (Packages/com.unity.collab-proxy/Editor/Toolbar/Unity.CollabProxy.Editor.asmdef)
Mono: successfully reloaded assembly
- Finished resetting the current domain, in  2.266 seconds
Domain Reload Profiling: 4187ms
	BeginReloadAssembly (527ms)
		ExecutionOrderSort (0ms)
		DisableScriptedObjects (39ms)
		BackupInstance (0ms)
		ReleaseScriptingObjects (0ms)
		CreateAndSetChildDomain (113ms)
	RebuildCommonClasses (98ms)
	RebuildNativeTypeToScriptingClass (34ms)
	initialDomainReloadingComplete (74ms)
	LoadAllAssembliesAndSetupDomain (1186ms)
		LoadAssemblies (888ms)
		RebuildTransferFunctionScriptingTraits (0ms)
		AnalyzeDomain (550ms)
			TypeCache.Refresh (23ms)
				TypeCache.ScanAssembly (1ms)
			BuildScriptInfoCaches (488ms)
			ResolveRequiredComponents (29ms)
	FinalizeReload (2267ms)
		ReleaseScriptCaches (0ms)
		RebuildScriptCaches (0ms)
		SetupLoadedEditorAssemblies (1831ms)
			LogAssemblyErrors (0ms)
			InitializePlatformSupportModulesInManaged (5ms)
			SetLoadedEditorAssemblies (10ms)
			BeforeProcessingInitializeOnLoad (449ms)
			ProcessInitializeOnLoadAttributes (1155ms)
			ProcessInitializeOnLoadMethodAttributes (189ms)
			AfterProcessingInitializeOnLoad (22ms)
			EditorAssembliesLoaded (1ms)
		ExecutionOrderSort2 (0ms)
		AwakeInstancesAfterBackupRestoration (44ms)
Refreshing native plugins compatible for Editor in 4.42 ms, found 4 plugins.
Preloading 0 native plugins for Editor in 0.00 ms.
Unloading 31 Unused Serialized files (Serialized files now loaded: 0)
Unloading 6762 unused Assets / (5.9 MB). Loaded Objects now: 7510.
Memory consumption went from 149.9 MB to 144.1 MB.
Total: 25.685800 ms (FindLiveObjects: 1.701500 ms CreateObjectMapping: 2.058100 ms MarkObjects: 13.555000 ms  DeleteObjects: 8.369100 ms)

Prepare: number of updated asset objects reloaded= 0
========================================================================
Received Prepare
Assembly with name 'Unity.CollabProxy.Editor' already exists (Packages/com.unity.collab-proxy/Editor/UnityInternals/Unity.CollabProxy.Editor.asmdef)
Assembly with name 'Unity.CollabProxy.Editor' already exists (Packages/com.unity.collab-proxy/Editor/Toolbar/Unity.CollabProxy.Editor.asmdef)
Assembly with name 'Unity.CollabProxy.Editor' already exists (Packages/com.unity.collab-proxy/Editor/UnityInternals/Unity.CollabProxy.Editor.asmdef)
Assembly with name 'Unity.CollabProxy.Editor' already exists (Packages/com.unity.collab-proxy/Editor/Toolbar/Unity.CollabProxy.Editor.asmdef)
Begin MonoManager ReloadAssembly
- Loaded All Assemblies, in  1.913 seconds
Assembly with name 'Unity.CollabProxy.Editor' already exists (Packages/com.unity.collab-proxy/Editor/UnityInternals/Unity.CollabProxy.Editor.asmdef)
Assembly with name 'Unity.CollabProxy.Editor' already exists (Packages/com.unity.collab-proxy/Editor/Toolbar/Unity.CollabProxy.Editor.asmdef)
Refreshing native plugins compatible for Editor in 5.63 ms, found 4 plugins.
Native extension for WindowsStandalone target not found
Assembly with name 'Unity.CollabProxy.Editor' already exists (Packages/com.unity.collab-proxy/Editor/UnityInternals/Unity.CollabProxy.Editor.asmdef)
Assembly with name 'Unity.CollabProxy.Editor' already exists (Packages/com.unity.collab-proxy/Editor/Toolbar/Unity.CollabProxy.Editor.asmdef)
Mono: successfully reloaded assembly
- Finished resetting the current domain, in  2.215 seconds
Domain Reload Profiling: 4117ms
	BeginReloadAssembly (490ms)
		ExecutionOrderSort (0ms)
		DisableScriptedObjects (40ms)
		BackupInstance (0ms)
		ReleaseScriptingObjects (0ms)
		CreateAndSetChildDomain (89ms)
	RebuildCommonClasses (114ms)
	RebuildNativeTypeToScriptingClass (35ms)
	initialDomainReloadingComplete (81ms)
	LoadAllAssembliesAndSetupDomain (1182ms)
		LoadAssemblies (861ms)
		RebuildTransferFunctionScriptingTraits (0ms)
		AnalyzeDomain (554ms)
			TypeCache.Refresh (15ms)
				TypeCache.ScanAssembly (0ms)
			BuildScriptInfoCaches (503ms)
			ResolveRequiredComponents (27ms)
	FinalizeReload (2216ms)
		ReleaseScriptCaches (0ms)
		RebuildScriptCaches (0ms)
		SetupLoadedEditorAssemblies (1768ms)
			LogAssemblyErrors (0ms)
			InitializePlatformSupportModulesInManaged (6ms)
			SetLoadedEditorAssemblies (7ms)
			BeforeProcessingInitializeOnLoad (433ms)
			ProcessInitializeOnLoadAttributes (1084ms)
			ProcessInitializeOnLoadMethodAttributes (212ms)
			AfterProcessingInitializeOnLoad (25ms)
			EditorAssembliesLoaded (1ms)
		ExecutionOrderSort2 (0ms)
		AwakeInstancesAfterBackupRestoration (49ms)
Refreshing native plugins compatible for Editor in 5.22 ms, found 4 plugins.
Preloading 0 native plugins for Editor in 0.00 ms.
Unloading 31 Unused Serialized files (Serialized files now loaded: 0)
Unloading 6762 unused Assets / (6.5 MB). Loaded Objects now: 7513.
Memory consumption went from 151.5 MB to 145.0 MB.
Total: 21.574400 ms (FindLiveObjects: 1.821500 ms CreateObjectMapping: 2.653900 ms MarkObjects: 10.345200 ms  DeleteObjects: 6.751500 ms)

Prepare: number of updated asset objects reloaded= 0
========================================================================
Received Prepare
Assembly with name 'Unity.CollabProxy.Editor' already exists (Packages/com.unity.collab-proxy/Editor/UnityInternals/Unity.CollabProxy.Editor.asmdef)
Assembly with name 'Unity.CollabProxy.Editor' already exists (Packages/com.unity.collab-proxy/Editor/Toolbar/Unity.CollabProxy.Editor.asmdef)
Assembly with name 'Unity.CollabProxy.Editor' already exists (Packages/com.unity.collab-proxy/Editor/UnityInternals/Unity.CollabProxy.Editor.asmdef)
Assembly with name 'Unity.CollabProxy.Editor' already exists (Packages/com.unity.collab-proxy/Editor/Toolbar/Unity.CollabProxy.Editor.asmdef)
Begin MonoManager ReloadAssembly
- Loaded All Assemblies, in  1.997 seconds
Assembly with name 'Unity.CollabProxy.Editor' already exists (Packages/com.unity.collab-proxy/Editor/UnityInternals/Unity.CollabProxy.Editor.asmdef)
Assembly with name 'Unity.CollabProxy.Editor' already exists (Packages/com.unity.collab-proxy/Editor/Toolbar/Unity.CollabProxy.Editor.asmdef)
Refreshing native plugins compatible for Editor in 4.58 ms, found 4 plugins.
Native extension for WindowsStandalone target not found
Assembly with name 'Unity.CollabProxy.Editor' already exists (Packages/com.unity.collab-proxy/Editor/UnityInternals/Unity.CollabProxy.Editor.asmdef)
Assembly with name 'Unity.CollabProxy.Editor' already exists (Packages/com.unity.collab-proxy/Editor/Toolbar/Unity.CollabProxy.Editor.asmdef)
Mono: successfully reloaded assembly
- Finished resetting the current domain, in  2.200 seconds
Domain Reload Profiling: 4188ms
	BeginReloadAssembly (499ms)
		ExecutionOrderSort (0ms)
		DisableScriptedObjects (37ms)
		BackupInstance (0ms)
		ReleaseScriptingObjects (0ms)
		CreateAndSetChildDomain (93ms)
	RebuildCommonClasses (109ms)
	RebuildNativeTypeToScriptingClass (34ms)
	initialDomainReloadingComplete (87ms)
	LoadAllAssembliesAndSetupDomain (1257ms)
		LoadAssemblies (843ms)
		RebuildTransferFunctionScriptingTraits (0ms)
		AnalyzeDomain (657ms)
			TypeCache.Refresh (17ms)
				TypeCache.ScanAssembly (0ms)
			BuildScriptInfoCaches (593ms)
			ResolveRequiredComponents (35ms)
	FinalizeReload (2202ms)
		ReleaseScriptCaches (0ms)
		RebuildScriptCaches (0ms)
		SetupLoadedEditorAssemblies (1801ms)
			LogAssemblyErrors (0ms)
			InitializePlatformSupportModulesInManaged (3ms)
			SetLoadedEditorAssemblies (8ms)
			BeforeProcessingInitializeOnLoad (456ms)
			ProcessInitializeOnLoadAttributes (1088ms)
			ProcessInitializeOnLoadMethodAttributes (219ms)
			AfterProcessingInitializeOnLoad (26ms)
			EditorAssembliesLoaded (0ms)
		ExecutionOrderSort2 (0ms)
		AwakeInstancesAfterBackupRestoration (41ms)
Refreshing native plugins compatible for Editor in 7.39 ms, found 4 plugins.
Preloading 0 native plugins for Editor in 0.00 ms.
Unloading 31 Unused Serialized files (Serialized files now loaded: 0)
Unloading 6762 unused Assets / (6.8 MB). Loaded Objects now: 7516.
Memory consumption went from 153.1 MB to 146.3 MB.
Total: 27.065900 ms (FindLiveObjects: 1.601700 ms CreateObjectMapping: 2.167300 ms MarkObjects: 14.229500 ms  DeleteObjects: 9.065100 ms)

Prepare: number of updated asset objects reloaded= 0
========================================================================
Received Prepare
Assembly with name 'Unity.CollabProxy.Editor' already exists (Packages/com.unity.collab-proxy/Editor/UnityInternals/Unity.CollabProxy.Editor.asmdef)
Assembly with name 'Unity.CollabProxy.Editor' already exists (Packages/com.unity.collab-proxy/Editor/Toolbar/Unity.CollabProxy.Editor.asmdef)
Assembly with name 'Unity.CollabProxy.Editor' already exists (Packages/com.unity.collab-proxy/Editor/UnityInternals/Unity.CollabProxy.Editor.asmdef)
Assembly with name 'Unity.CollabProxy.Editor' already exists (Packages/com.unity.collab-proxy/Editor/Toolbar/Unity.CollabProxy.Editor.asmdef)
Begin MonoManager ReloadAssembly
- Loaded All Assemblies, in  2.126 seconds
Assembly with name 'Unity.CollabProxy.Editor' already exists (Packages/com.unity.collab-proxy/Editor/UnityInternals/Unity.CollabProxy.Editor.asmdef)
Assembly with name 'Unity.CollabProxy.Editor' already exists (Packages/com.unity.collab-proxy/Editor/Toolbar/Unity.CollabProxy.Editor.asmdef)
Refreshing native plugins compatible for Editor in 6.60 ms, found 4 plugins.
Native extension for WindowsStandalone target not found
Assembly with name 'Unity.CollabProxy.Editor' already exists (Packages/com.unity.collab-proxy/Editor/UnityInternals/Unity.CollabProxy.Editor.asmdef)
Assembly with name 'Unity.CollabProxy.Editor' already exists (Packages/com.unity.collab-proxy/Editor/Toolbar/Unity.CollabProxy.Editor.asmdef)
Mono: successfully reloaded assembly
- Finished resetting the current domain, in  2.507 seconds
Domain Reload Profiling: 4620ms
	BeginReloadAssembly (572ms)
		ExecutionOrderSort (0ms)
		DisableScriptedObjects (39ms)
		BackupInstance (0ms)
		ReleaseScriptingObjects (0ms)
		CreateAndSetChildDomain (114ms)
	RebuildCommonClasses (102ms)
	RebuildNativeTypeToScriptingClass (41ms)
	initialDomainReloadingComplete (93ms)
	LoadAllAssembliesAndSetupDomain (1304ms)
		LoadAssemblies (964ms)
		RebuildTransferFunctionScriptingTraits (0ms)
		AnalyzeDomain (608ms)
			TypeCache.Refresh (21ms)
				TypeCache.ScanAssembly (1ms)
			BuildScriptInfoCaches (541ms)
			ResolveRequiredComponents (34ms)
	FinalizeReload (2508ms)
		ReleaseScriptCaches (0ms)
		RebuildScriptCaches (0ms)
		SetupLoadedEditorAssemblies (1985ms)
			LogAssemblyErrors (0ms)
			InitializePlatformSupportModulesInManaged (9ms)
			SetLoadedEditorAssemblies (17ms)
			BeforeProcessingInitializeOnLoad (542ms)
			ProcessInitializeOnLoadAttributes (1118ms)
			ProcessInitializeOnLoadMethodAttributes (269ms)
			AfterProcessingInitializeOnLoad (29ms)
			EditorAssembliesLoaded (1ms)
		ExecutionOrderSort2 (0ms)
		AwakeInstancesAfterBackupRestoration (42ms)
Refreshing native plugins compatible for Editor in 5.49 ms, found 4 plugins.
Preloading 0 native plugins for Editor in 0.00 ms.
Unloading 31 Unused Serialized files (Serialized files now loaded: 0)
Unloading 6762 unused Assets / (6.3 MB). Loaded Objects now: 7519.
Memory consumption went from 154.6 MB to 148.2 MB.
Total: 24.912400 ms (FindLiveObjects: 1.657200 ms CreateObjectMapping: 2.404300 ms MarkObjects: 11.940900 ms  DeleteObjects: 8.908400 ms)

Prepare: number of updated asset objects reloaded= 0
========================================================================
Received Prepare
Assembly with name 'Unity.CollabProxy.Editor' already exists (Packages/com.unity.collab-proxy/Editor/UnityInternals/Unity.CollabProxy.Editor.asmdef)
Assembly with name 'Unity.CollabProxy.Editor' already exists (Packages/com.unity.collab-proxy/Editor/Toolbar/Unity.CollabProxy.Editor.asmdef)
Assembly with name 'Unity.CollabProxy.Editor' already exists (Packages/com.unity.collab-proxy/Editor/UnityInternals/Unity.CollabProxy.Editor.asmdef)
Assembly with name 'Unity.CollabProxy.Editor' already exists (Packages/com.unity.collab-proxy/Editor/Toolbar/Unity.CollabProxy.Editor.asmdef)
Begin MonoManager ReloadAssembly
- Loaded All Assemblies, in  2.093 seconds
Assembly with name 'Unity.CollabProxy.Editor' already exists (Packages/com.unity.collab-proxy/Editor/UnityInternals/Unity.CollabProxy.Editor.asmdef)
Assembly with name 'Unity.CollabProxy.Editor' already exists (Packages/com.unity.collab-proxy/Editor/Toolbar/Unity.CollabProxy.Editor.asmdef)
Refreshing native plugins compatible for Editor in 5.11 ms, found 4 plugins.
Native extension for WindowsStandalone target not found
Assembly with name 'Unity.CollabProxy.Editor' already exists (Packages/com.unity.collab-proxy/Editor/UnityInternals/Unity.CollabProxy.Editor.asmdef)
Assembly with name 'Unity.CollabProxy.Editor' already exists (Packages/com.unity.collab-proxy/Editor/Toolbar/Unity.CollabProxy.Editor.asmdef)
Mono: successfully reloaded assembly
- Finished resetting the current domain, in  2.852 seconds
Domain Reload Profiling: 4932ms
	BeginReloadAssembly (534ms)
		ExecutionOrderSort (0ms)
		DisableScriptedObjects (44ms)
		BackupInstance (0ms)
		ReleaseScriptingObjects (0ms)
		CreateAndSetChildDomain (109ms)
	RebuildCommonClasses (116ms)
	RebuildNativeTypeToScriptingClass (47ms)
	initialDomainReloadingComplete (92ms)
	LoadAllAssembliesAndSetupDomain (1289ms)
		LoadAssemblies (916ms)
		RebuildTransferFunctionScriptingTraits (0ms)
		AnalyzeDomain (615ms)
			TypeCache.Refresh (18ms)
				TypeCache.ScanAssembly (0ms)
			BuildScriptInfoCaches (554ms)
			ResolveRequiredComponents (31ms)
	FinalizeReload (2854ms)
		ReleaseScriptCaches (0ms)
		RebuildScriptCaches (0ms)
		SetupLoadedEditorAssemblies (2372ms)
			LogAssemblyErrors (0ms)
			InitializePlatformSupportModulesInManaged (5ms)
			SetLoadedEditorAssemblies (8ms)
			BeforeProcessingInitializeOnLoad (535ms)
			ProcessInitializeOnLoadAttributes (1524ms)
			ProcessInitializeOnLoadMethodAttributes (263ms)
			AfterProcessingInitializeOnLoad (35ms)
			EditorAssembliesLoaded (1ms)
		ExecutionOrderSort2 (0ms)
		AwakeInstancesAfterBackupRestoration (67ms)
Refreshing native plugins compatible for Editor in 6.91 ms, found 4 plugins.
Preloading 0 native plugins for Editor in 0.00 ms.
Unloading 31 Unused Serialized files (Serialized files now loaded: 0)
Unloading 6762 unused Assets / (7.0 MB). Loaded Objects now: 7522.
Memory consumption went from 156.2 MB to 149.2 MB.
Total: 30.467200 ms (FindLiveObjects: 1.617600 ms CreateObjectMapping: 2.507900 ms MarkObjects: 14.544300 ms  DeleteObjects: 11.795300 ms)

Prepare: number of updated asset objects reloaded= 0
========================================================================
Received Prepare
Assembly with name 'Unity.CollabProxy.Editor' already exists (Packages/com.unity.collab-proxy/Editor/UnityInternals/Unity.CollabProxy.Editor.asmdef)
Assembly with name 'Unity.CollabProxy.Editor' already exists (Packages/com.unity.collab-proxy/Editor/Toolbar/Unity.CollabProxy.Editor.asmdef)
Assembly with name 'Unity.CollabProxy.Editor' already exists (Packages/com.unity.collab-proxy/Editor/UnityInternals/Unity.CollabProxy.Editor.asmdef)
Assembly with name 'Unity.CollabProxy.Editor' already exists (Packages/com.unity.collab-proxy/Editor/Toolbar/Unity.CollabProxy.Editor.asmdef)
Begin MonoManager ReloadAssembly
- Loaded All Assemblies, in  2.065 seconds
Assembly with name 'Unity.CollabProxy.Editor' already exists (Packages/com.unity.collab-proxy/Editor/UnityInternals/Unity.CollabProxy.Editor.asmdef)
Assembly with name 'Unity.CollabProxy.Editor' already exists (Packages/com.unity.collab-proxy/Editor/Toolbar/Unity.CollabProxy.Editor.asmdef)
Refreshing native plugins compatible for Editor in 4.36 ms, found 4 plugins.
Native extension for WindowsStandalone target not found
Assembly with name 'Unity.CollabProxy.Editor' already exists (Packages/com.unity.collab-proxy/Editor/UnityInternals/Unity.CollabProxy.Editor.asmdef)
Assembly with name 'Unity.CollabProxy.Editor' already exists (Packages/com.unity.collab-proxy/Editor/Toolbar/Unity.CollabProxy.Editor.asmdef)
Mono: successfully reloaded assembly
- Finished resetting the current domain, in  2.965 seconds
Domain Reload Profiling: 5018ms
	BeginReloadAssembly (530ms)
		ExecutionOrderSort (0ms)
		DisableScriptedObjects (40ms)
		BackupInstance (0ms)
		ReleaseScriptingObjects (0ms)
		CreateAndSetChildDomain (89ms)
	RebuildCommonClasses (113ms)
	RebuildNativeTypeToScriptingClass (41ms)
	initialDomainReloadingComplete (88ms)
	LoadAllAssembliesAndSetupDomain (1281ms)
		LoadAssemblies (938ms)
		RebuildTransferFunctionScriptingTraits (0ms)
		AnalyzeDomain (604ms)
			TypeCache.Refresh (19ms)
				TypeCache.ScanAssembly (0ms)
			BuildScriptInfoCaches (538ms)
			ResolveRequiredComponents (36ms)
	FinalizeReload (2966ms)
		ReleaseScriptCaches (0ms)
		RebuildScriptCaches (0ms)
		SetupLoadedEditorAssemblies (2493ms)
			LogAssemblyErrors (0ms)
			InitializePlatformSupportModulesInManaged (5ms)
			SetLoadedEditorAssemblies (11ms)
			BeforeProcessingInitializeOnLoad (621ms)
			ProcessInitializeOnLoadAttributes (1532ms)
			ProcessInitializeOnLoadMethodAttributes (294ms)
			AfterProcessingInitializeOnLoad (30ms)
			EditorAssembliesLoaded (1ms)
		ExecutionOrderSort2 (0ms)
		AwakeInstancesAfterBackupRestoration (59ms)
Refreshing native plugins compatible for Editor in 7.75 ms, found 4 plugins.
Preloading 0 native plugins for Editor in 0.00 ms.
Unloading 31 Unused Serialized files (Serialized files now loaded: 0)
Unloading 6762 unused Assets / (6.6 MB). Loaded Objects now: 7525.
Memory consumption went from 157.8 MB to 151.1 MB.
Total: 32.458100 ms (FindLiveObjects: 1.573600 ms CreateObjectMapping: 3.501700 ms MarkObjects: 16.992600 ms  DeleteObjects: 10.387900 ms)

Prepare: number of updated asset objects reloaded= 0
========================================================================
Received Prepare
Refreshing native plugins compatible for Editor in 8.04 ms, found 4 plugins.
Preloading 0 native plugins for Editor in 0.00 ms.
Unloading 31 Unused Serialized files (Serialized files now loaded: 0)
Unloading 6751 unused Assets / (6.3 MB). Loaded Objects now: 7525.
Memory consumption went from 159.4 MB to 153.2 MB.
Total: 34.397200 ms (FindLiveObjects: 1.889900 ms CreateObjectMapping: 2.153800 ms MarkObjects: 20.416300 ms  DeleteObjects: 9.934800 ms)

Prepare: number of updated asset objects reloaded= 0
========================================================================
Received Prepare
Assembly with name 'Unity.CollabProxy.Editor' already exists (Packages/com.unity.collab-proxy/Editor/UnityInternals/Unity.CollabProxy.Editor.asmdef)
Assembly with name 'Unity.CollabProxy.Editor' already exists (Packages/com.unity.collab-proxy/Editor/Toolbar/Unity.CollabProxy.Editor.asmdef)
Assembly with name 'Unity.CollabProxy.Editor' already exists (Packages/com.unity.collab-proxy/Editor/UnityInternals/Unity.CollabProxy.Editor.asmdef)
Assembly with name 'Unity.CollabProxy.Editor' already exists (Packages/com.unity.collab-proxy/Editor/Toolbar/Unity.CollabProxy.Editor.asmdef)
Begin MonoManager ReloadAssembly
- Loaded All Assemblies, in  2.111 seconds
Assembly with name 'Unity.CollabProxy.Editor' already exists (Packages/com.unity.collab-proxy/Editor/UnityInternals/Unity.CollabProxy.Editor.asmdef)
Assembly with name 'Unity.CollabProxy.Editor' already exists (Packages/com.unity.collab-proxy/Editor/Toolbar/Unity.CollabProxy.Editor.asmdef)
Refreshing native plugins compatible for Editor in 7.36 ms, found 4 plugins.
Native extension for WindowsStandalone target not found
Assembly with name 'Unity.CollabProxy.Editor' already exists (Packages/com.unity.collab-proxy/Editor/UnityInternals/Unity.CollabProxy.Editor.asmdef)
Assembly with name 'Unity.CollabProxy.Editor' already exists (Packages/com.unity.collab-proxy/Editor/Toolbar/Unity.CollabProxy.Editor.asmdef)
Mono: successfully reloaded assembly
- Finished resetting the current domain, in  2.360 seconds
Domain Reload Profiling: 4458ms
	BeginReloadAssembly (578ms)
		ExecutionOrderSort (0ms)
		DisableScriptedObjects (39ms)
		BackupInstance (0ms)
		ReleaseScriptingObjects (0ms)
		CreateAndSetChildDomain (120ms)
	RebuildCommonClasses (123ms)
	RebuildNativeTypeToScriptingClass (46ms)
	initialDomainReloadingComplete (82ms)
	LoadAllAssembliesAndSetupDomain (1268ms)
		LoadAssemblies (968ms)
		RebuildTransferFunctionScriptingTraits (0ms)
		AnalyzeDomain (581ms)
			TypeCache.Refresh (22ms)
				TypeCache.ScanAssembly (1ms)
			BuildScriptInfoCaches (518ms)
			ResolveRequiredComponents (31ms)
	FinalizeReload (2361ms)
		ReleaseScriptCaches (0ms)
		RebuildScriptCaches (0ms)
		SetupLoadedEditorAssemblies (1762ms)
			LogAssemblyErrors (0ms)
			InitializePlatformSupportModulesInManaged (5ms)
			SetLoadedEditorAssemblies (9ms)
			BeforeProcessingInitializeOnLoad (475ms)
			ProcessInitializeOnLoadAttributes (1081ms)
			ProcessInitializeOnLoadMethodAttributes (171ms)
			AfterProcessingInitializeOnLoad (21ms)
			EditorAssembliesLoaded (1ms)
		ExecutionOrderSort2 (0ms)
		AwakeInstancesAfterBackupRestoration (46ms)
Refreshing native plugins compatible for Editor in 5.00 ms, found 4 plugins.
Preloading 0 native plugins for Editor in 0.00 ms.
Unloading 31 Unused Serialized files (Serialized files now loaded: 0)
Unloading 6762 unused Assets / (6.6 MB). Loaded Objects now: 7528.
Memory consumption went from 160.8 MB to 154.2 MB.
Total: 20.436600 ms (FindLiveObjects: 1.494600 ms CreateObjectMapping: 2.199400 ms MarkObjects: 10.778900 ms  DeleteObjects: 5.962200 ms)

Prepare: number of updated asset objects reloaded= 0
========================================================================
Received Prepare
Assembly with name 'Unity.CollabProxy.Editor' already exists (Packages/com.unity.collab-proxy/Editor/UnityInternals/Unity.CollabProxy.Editor.asmdef)
Assembly with name 'Unity.CollabProxy.Editor' already exists (Packages/com.unity.collab-proxy/Editor/Toolbar/Unity.CollabProxy.Editor.asmdef)
Assembly with name 'Unity.CollabProxy.Editor' already exists (Packages/com.unity.collab-proxy/Editor/UnityInternals/Unity.CollabProxy.Editor.asmdef)
Assembly with name 'Unity.CollabProxy.Editor' already exists (Packages/com.unity.collab-proxy/Editor/Toolbar/Unity.CollabProxy.Editor.asmdef)
Begin MonoManager ReloadAssembly
- Loaded All Assemblies, in  2.022 seconds
Assembly with name 'Unity.CollabProxy.Editor' already exists (Packages/com.unity.collab-proxy/Editor/UnityInternals/Unity.CollabProxy.Editor.asmdef)
Assembly with name 'Unity.CollabProxy.Editor' already exists (Packages/com.unity.collab-proxy/Editor/Toolbar/Unity.CollabProxy.Editor.asmdef)
Refreshing native plugins compatible for Editor in 6.30 ms, found 4 plugins.
Native extension for WindowsStandalone target not found
Assembly with name 'Unity.CollabProxy.Editor' already exists (Packages/com.unity.collab-proxy/Editor/UnityInternals/Unity.CollabProxy.Editor.asmdef)
Assembly with name 'Unity.CollabProxy.Editor' already exists (Packages/com.unity.collab-proxy/Editor/Toolbar/Unity.CollabProxy.Editor.asmdef)
Mono: successfully reloaded assembly
- Finished resetting the current domain, in  3.552 seconds
Domain Reload Profiling: 5561ms
	BeginReloadAssembly (523ms)
		ExecutionOrderSort (0ms)
		DisableScriptedObjects (44ms)
		BackupInstance (0ms)
		ReleaseScriptingObjects (0ms)
		CreateAndSetChildDomain (95ms)
	RebuildCommonClasses (97ms)
	RebuildNativeTypeToScriptingClass (39ms)
	initialDomainReloadingComplete (82ms)
	LoadAllAssembliesAndSetupDomain (1267ms)
		LoadAssemblies (928ms)
		RebuildTransferFunctionScriptingTraits (0ms)
		AnalyzeDomain (576ms)
			TypeCache.Refresh (17ms)
				TypeCache.ScanAssembly (0ms)
			BuildScriptInfoCaches (512ms)
			ResolveRequiredComponents (35ms)
	FinalizeReload (3553ms)
		ReleaseScriptCaches (0ms)
		RebuildScriptCaches (0ms)
		SetupLoadedEditorAssemblies (2907ms)
			LogAssemblyErrors (0ms)
			InitializePlatformSupportModulesInManaged (7ms)
			SetLoadedEditorAssemblies (16ms)
			BeforeProcessingInitializeOnLoad (671ms)
			ProcessInitializeOnLoadAttributes (1821ms)
			ProcessInitializeOnLoadMethodAttributes (354ms)
			AfterProcessingInitializeOnLoad (36ms)
			EditorAssembliesLoaded (1ms)
		ExecutionOrderSort2 (1ms)
		AwakeInstancesAfterBackupRestoration (79ms)
Refreshing native plugins compatible for Editor in 11.81 ms, found 4 plugins.
Preloading 0 native plugins for Editor in 0.00 ms.
Unloading 31 Unused Serialized files (Serialized files now loaded: 0)
Unloading 6762 unused Assets / (5.7 MB). Loaded Objects now: 7531.
Memory consumption went from 162.4 MB to 156.7 MB.
Total: 44.485400 ms (FindLiveObjects: 2.021300 ms CreateObjectMapping: 6.013600 ms MarkObjects: 23.385800 ms  DeleteObjects: 13.062200 ms)

Prepare: number of updated asset objects reloaded= 0
